アクティビティタイプ,日付,お気に入り,タイトル,距離,カロリー,タイム,平均心拍数,最大心拍数,平均ピッチ,最高ピッチ,平均ペース,最高ペース,総上昇量,総下降量,平均歩幅,Training Stress Score®,ステップ,減圧,ベストラップタイム,ラップ数,移動時間,経過時間,最低高度,最高高度
ラン,2026-03-01 11:00:02,false,"北区 ラン","10.08","484","00:54:19","167","180","186","195","5:23","4:07","300","299","1.00","0.0","9,696","いいえ","00:00:22.4","11","00:54:09","00:54:19","-13","23"
ラン,2026-02-27 19:47:58,false,"国分寺市 ラン","4.03","183","00:27:40","137","153","171","177","6:52","6:16","28","15","0.85","0.0","4,742","いいえ","00:00:11.2","5","00:27:31","00:28:48","74","92"
ラン,2026-02-26 18:46:15,false,"国分寺市 ラン","13.02","672","01:29:03","151","161","175","184","6:51","5:46","73","70","0.83","0.0","15,584","いいえ","00:00:08.4","14","01:28:57","01:29:38","70","93"
ラン,2026-02-24 19:32:00,false,"国分寺市 ラン","10.02","512","01:08:44","149","161","173","181","6:52","5:47","52","46","0.84","0.0","11,886","いいえ","00:00:06.3","11","01:08:34","01:09:55","70","93"
ラン,2026-02-23 13:56:42,false,"世田谷区 ラン","10.01","521","01:05:38","159","171","177","185","6:33","4:50","116","114","0.86","0.0","11,568","いいえ","00:00:05.9","11","01:05:26","01:05:38","30","56"
ラン,2026-02-23 13:21:01,false,"目黒区 ラン","5.01","198","00:23:03","153","173","182","192","4:36","4:01","21","24","1.19","0.0","3,850","いいえ","00:00:02.4","6","00:22:48","00:23:34","34","44"
ラン,2026-02-20 19:03:29,false,"国分寺市 ラン","11.79","581","01:16:11","152","167","177","190","6:28","5:07","42","49","0.87","0.0","13,484","いいえ","00:04:38.6","12","01:15:59","01:17:09","70","92"
ラン,2026-02-19 19:27:37,false,"国分寺市 ラン","9.84","507","01:04:44","156","182","175","184","6:34","5:25","29","31","0.87","0.0","11,314","いいえ","00:04:57.2","10","01:04:32","01:05:35","70","93"
ラン,2026-02-16 20:48:57,false,"国分寺市 ラン","6.00","300","00:43:46","138","161","163","186","7:17","5:48","46","43","0.83","0.0","7,110","いいえ","00:00:03.7","7","00:43:26","00:45:34","70","95"
ラン,2026-02-15 17:18:46,false,"国分寺市 ラン","8.01","399","00:53:22","146","161","174","186","6:40","5:05","58","59","0.86","0.0","9,278","いいえ","00:00:04.8","9","00:53:09","01:05:16","70","93"
ラン,2026-02-13 16:44:32,false,"国分寺市 ラン","9.75","472","01:00:21","144","169","179","191","6:12","5:06","66","68","0.90","0.0","10,806","いいえ","00:04:43.6","10","01:00:16","01:02:20","70","92"
ラン,2026-02-11 11:00:08,false,"府中市 ラン","9.98","476","00:53:56","159","172","188","196","5:24","4:03","127","93","0.98","0.0","9,846","いいえ","00:04:56.2","10","00:53:53","00:53:56","9","59"
ラン,2026-02-09 20:19:25,false,"国分寺市 ラン","9.75","488","01:01:46","153","167","179","191","6:20","5:16","69","71","0.88","0.0","11,030","いいえ","00:04:27.3","10","01:01:35","01:03:08","70","95"
ラン,2026-02-08 20:27:39,false,"国分寺市 ラン","9.15","443","00:55:55","154","168","178","191","6:07","5:03","58","57","0.92","0.0","9,944","いいえ","00:00:55.3","10","00:55:51","00:57:27","70","92"
ラン,2026-02-06 19:21:27,false,"国分寺市 ラン","9.01","438","00:57:59","149","160","176","188","6:26","5:15","139","133","0.88","0.0","10,194","いいえ","00:00:03.8","10","00:57:52","01:00:06","70","156"
ラン,2026-01-31 09:40:04,false,"北区 ラン","10.01","471","00:53:46","159","171","190","200","5:22","3:28","250","245","0.98","0.0","10,026","いいえ","00:00:03.2","11","00:53:45","00:53:46","-13","22"
ラン,2026-01-29 19:51:22,false,"ラン","4.00","220","00:28:53","149","168","173","191","7:13","5:16","--","--","0.80","0.0","5,006","いいえ","00:00:03.7","5","00:28:43","00:29:32","--","--"
ラン,2026-01-26 19:16:47,false,"国分寺市 ラン","10.70","532","01:08:05","151","164","179","192","6:22","4:46","62","66","0.88","0.0","12,180","いいえ","00:04:06.0","11","01:07:54","01:10:31","70","93"
ラン,2026-01-25 18:08:20,false,"国分寺市 ラン","12.81","626","01:15:44","160","180","183","194","5:55","4:55","83","84","0.93","0.0","13,812","いいえ","00:04:50.0","13","01:15:36","01:17:33","70","93"
ラン,2026-01-22 18:46:43,false,"国分寺市 ラン","11.22","563","01:08:24","160","180","181","195","6:06","5:08","61","65","0.91","0.0","12,386","いいえ","00:01:17.6","12","01:08:11","01:11:05","70","93"
ラン,2026-01-20 18:32:21,false,"国分寺市 ラン","11.37","557","01:08:59","153","168","181","192","6:04","5:01","61","60","0.91","0.0","12,504","いいえ","00:02:15.1","12","01:08:51","01:10:42","70","96"
ラン,2026-01-19 17:31:55,false,"国分寺市 ラン","9.76","480","01:02:38","150","165","178","186","6:25","5:21","70","74","0.88","0.0","11,114","いいえ","00:04:41.2","10","01:02:29","01:04:25","70","93"
ラン,2026-01-17 11:00:02,false,"府中市 ラン","10.01","490","00:54:47","166","187","187","195","5:28","3:53","113","112","0.98","0.0","10,204","いいえ","00:00:01.6","11","00:54:41","00:54:51","30","58"
ラン,2026-01-13 19:16:01,false,"国分寺市 ラン","10.73","532","01:09:46","150","162","175","183","6:30","5:33","56","59","0.88","0.0","12,192","いいえ","00:04:41.2","11","01:09:36","01:12:00","70","92"
ラン,2026-01-12 16:20:52,false,"国分寺市 ラン","10.53","498","01:05:24","153","166","178","189","6:12","5:09","53","49","0.90","0.0","11,656","いいえ","00:03:01.6","11","01:05:14","01:07:38","69","92"
ラン,2026-01-11 19:01:16,false,"国分寺市 ラン","9.25","437","00:56:16","152","165","181","194","6:05","5:17","49","49","0.91","0.0","10,190","いいえ","00:01:37.4","10","00:56:14","00:59:03","70","93"
ラン,2026-01-09 21:19:34,false,"国分寺市 ラン","7.46","373","00:48:44","148","162","175","184","6:32","4:59","45","43","0.87","0.0","8,522","いいえ","00:02:38.9","8","00:48:36","00:50:17","70","93"
ラン,2026-01-05 10:28:19,false,"駒ヶ根市 ラン","7.11","359","00:47:43","151","162","175","184","6:43","5:22","36","33","0.85","0.0","8,366","いいえ","00:00:48.2","8","00:47:35","00:47:43","653","662"
ラン,2026-01-03 16:36:14,false,"駒ヶ根市 ラン","9.81","501","01:03:42","154","167","178","191","6:30","5:19","44","65","0.87","0.0","11,304","いいえ","00:05:14.5","10","01:03:34","01:03:57","653","681"
ラン,2026-01-02 15:34:39,false,"駒ヶ根市 ラン","9.84","493","00:57:40","164","185","182","196","5:52","4:49","50","49","0.94","0.0","10,474","いいえ","00:05:26.1","10","00:57:30","00:57:40","653","663"
ラン,2026-01-01 15:58:12,false,"駒ヶ根市 ラン","9.81","492","00:57:31","154","166","182","192","5:52","4:51","46","47","0.94","0.0","10,428","いいえ","00:05:18.4","10","00:57:07","00:57:39","653","663"
ラン,2025-12-30 15:51:25,false,"駒ヶ根市 ラン","10.33","537","01:09:40","151","163","176","185","6:45","5:10","49","51","0.85","0.0","12,234","いいえ","00:02:11.6","11","01:09:38","01:09:40","653","662"
ラン,2025-12-29 15:57:38,false,"駒ヶ根市 ラン","9.81","489","00:59:15","156","168","180","192","6:02","4:58","46","47","0.92","0.0","10,646","いいえ","00:05:26.1","10","00:59:06","00:59:15","651","663"
ラン,2025-12-28 16:11:25,false,"駒ヶ根市 ラン","9.63","479","00:57:41","159","171","179","189","5:59","5:13","45","43","0.93","0.0","10,300","いいえ","00:04:01.5","10","00:57:39","00:57:43","653","663"
ラン,2025-12-23 19:06:19,false,"国分寺市 ラン","9.02","451","00:59:13","151","168","177","190","6:34","3:36","45","43","0.86","0.0","10,454","いいえ","00:00:05.1","10","00:59:03","01:01:56","70","93"
ラン,2025-12-18 19:13:31,false,"国分寺市 ラン","9.08","442","00:58:14","149","168","175","186","6:25","5:20","42","42","0.89","0.0","10,170","いいえ","00:00:31.7","10","00:58:07","00:59:54","70","93"
ラン,2025-12-16 19:26:36,false,"国分寺市 ラン","9.01","448","01:00:31","146","163","174","185","6:43","5:12","48","52","0.85","0.0","10,532","いいえ","00:00:06.6","10","01:00:19","01:03:46","70","106"
ラン,2025-12-15 18:57:12,false,"国分寺市 ラン","9.01","425","00:54:44","148","168","177","190","6:04","4:50","50","48","0.93","0.0","9,716","いいえ","00:00:03.8","10","00:54:21","00:58:14","70","98"
ラン,2025-12-14 17:06:23,false,"国分寺市 ラン","9.31","442","00:56:08","154","169","178","192","6:02","4:53","54","58","0.93","0.0","10,004","いいえ","00:02:13.6","10","00:55:59","00:58:37","70","93"
ラン,2025-12-09 19:16:41,false,"国分寺市 ラン","8.00","382","00:51:47","148","170","175","188","6:28","4:40","36","38","0.88","0.0","9,026","いいえ","00:00:03.7","9","00:51:40","00:53:43","70","93"
ラン,2025-12-08 19:14:47,false,"国分寺市 ラン","8.01","395","00:52:49","150","162","174","184","6:36","5:10","34","31","0.87","0.0","9,196","いいえ","00:00:03.0","9","00:52:38","00:54:49","70","92"
ラン,2025-12-04 19:03:13,false,"国分寺市 ラン","9.02","427","00:53:55","152","169","178","200","5:59","4:43","71","72","0.94","0.0","9,620","いいえ","00:00:06.4","10","00:53:42","00:56:51","70","95"
ラン,2025-12-02 19:03:44,false,"国分寺市 ラン","7.02","373","00:46:48","158","171","176","248","6:40","5:19","30","21","0.85","0.0","8,216","いいえ","00:00:05.9","8","00:46:34","00:48:16","70","95"
ラン,2025-12-01 19:09:17,false,"国分寺市 ラン","9.24","458","01:00:49","149","169","176","187","6:35","4:44","32","25","0.86","0.0","10,700","いいえ","00:01:24.4","10","01:00:38","01:02:29","69","94"
ラン,2025-11-27 20:13:20,false,"国分寺市 ラン","8.01","408","00:53:14","151","171","175","197","6:39","3:49","61","61","0.86","0.0","9,314","いいえ","00:00:03.0","9","00:53:11","00:55:02","70","92"
ラン,2025-11-25 19:52:20,false,"国分寺市 ラン","8.02","410","00:51:40","161","182","178","186","6:27","4:13","44","32","0.87","0.0","9,200","いいえ","00:00:06.0","9","00:51:30","00:53:01","70","92"
ラン,2025-11-24 15:03:21,false,"国分寺市 ラン","8.01","401","00:51:36","155","166","177","186","6:26","5:19","39","30","0.88","0.0","9,120","いいえ","00:00:06.8","9","00:51:33","00:52:54","70","92"
ラン,2025-11-18 18:46:16,false,"国分寺市 ラン","3.18","161","00:21:26","149","164","175","191","6:45","4:45","17","17","0.85","0.0","3,770","いいえ","00:01:08.8","4","00:21:19","00:22:32","70","92"
ラン,2025-11-17 20:11:10,false,"国分寺市 ラン","8.12","419","00:53:35","157","174","174","185","6:36","4:48","25","25","0.87","0.0","9,350","いいえ","00:00:39.6","9","00:53:26","00:54:33","70","90"
ラン,2025-11-11 18:36:39,false,"ラン","5.01","283","00:36:35","152","171","171","185","7:18","5:20","--","--","0.80","0.0","6,256","いいえ","00:00:06.3","6","00:36:25","00:38:06","--","--"
ラン,2025-11-06 18:14:04,false,"国分寺市 ラン","5.04","260","00:35:34","147","164","169","180","7:04","4:25","23","17","0.84","0.0","6,034","いいえ","00:00:17.0","6","00:35:28","00:36:58","70","87"
ラン,2025-11-04 18:55:21,false,"ラン","5.01","274","00:36:46","146","160","174","197","7:20","3:35","--","--","0.79","0.0","6,394","いいえ","00:00:03.7","6","00:36:40","00:38:05","--","--"
ラン,2025-10-30 18:27:28,false,"国分寺市 ラン","7.01","345","00:46:11","146","161","174","189","6:35","5:09","33","24","0.87","0.0","8,042","いいえ","00:00:04.5","8","00:46:02","00:47:29","70","88"
ラン,2025-10-23 18:41:23,false,"国分寺市 ラン","6.26","296","00:37:59","147","164","173","199","6:04","4:55","57","46","0.96","0.0","6,554","いいえ","00:01:36.9","7","00:37:55","00:49:09","70","93"
ラン,2025-10-21 18:15:55,false,"国分寺市 ラン","7.01","383","00:52:08","148","168","172","187","7:26","4:47","5","4","0.78","0.0","8,976","いいえ","00:00:05.5","8","00:52:01","00:52:57","78","91"
ラン,2025-10-20 19:18:16,false,"国分寺市 ラン","6.14","324","00:42:27","151","179","171","181","6:55","5:36","4","--","0.84","0.0","7,274","いいえ","00:00:57.6","7","00:42:22","00:46:21","78","88"
ラン,2025-10-16 17:54:11,false,"国分寺市 ラン","6.18","310","00:38:35","159","178","172","181","6:15","5:06","74","72","0.93","0.0","6,632","いいえ","00:00:59.0","7","00:38:26","00:40:32","45","101"
ラン,2025-10-14 18:26:05,false,"国分寺市 ラン","6.35","314","00:39:15","148","163","175","189","6:11","4:55","36","32","0.93","0.0","6,868","いいえ","00:02:28.9","7","00:39:10","00:40:41","70","93"
ラン,2025-10-07 18:43:36,false,"国分寺市 ラン","7.02","360","00:44:18","157","173","174","183","6:19","4:59","45","40","0.91","0.0","7,686","いいえ","00:00:06.9","8","00:44:13","00:45:51","70","93"
ラン,2025-10-06 22:01:38,false,"国分寺市 ラン","4.01","202","00:27:45","148","169","163","182","6:56","5:24","25","25","0.88","0.0","4,522","いいえ","00:00:04.4","5","00:27:42","00:28:20","74","92"
ラン,2025-10-02 18:38:03,false,"国分寺市 ラン","7.00","383","00:45:36","168","180","173","183","6:31","4:58","58","57","0.89","0.0","7,866","いいえ","00:00:01.8","8","00:45:27","00:46:59","70","92"
ラン,2025-09-30 18:45:22,false,"ラン","6.23","392","00:44:44","169","181","172","182","7:11","5:23","--","--","0.81","0.0","7,664","いいえ","00:01:41.4","7","00:44:32","00:47:24","--","--"
ラン,2025-09-29 19:02:14,false,"国分寺市 ラン","6.01","310","00:41:27","154","174","171","181","6:54","5:31","22","15","0.85","0.0","7,092","いいえ","00:00:06.8","7","00:41:16","00:43:09","70","88"
ラン,2025-09-25 18:05:39,false,"ラン","6.25","353","00:43:01","160","178","170","178","6:53","5:54","--","--","0.85","0.0","7,326","いいえ","00:01:49.4","7","00:42:55","00:45:40","--","--"
ラン,2025-09-18 19:35:03,false,"ラン","7.19","407","00:48:14","164","180","171","182","6:42","5:21","--","--","0.87","0.0","8,276","いいえ","00:01:22.8","8","00:48:03","00:49:15","--","--"
ラン,2025-09-16 18:22:59,false,"ラン","7.01","386","00:47:23","158","184","171","242","6:46","4:42","--","--","0.86","0.0","8,114","いいえ","00:00:03.6","8","00:47:14","00:49:49","--","--"
ラン,2025-09-09 18:27:48,false,"ラン","6.01","330","00:39:55","162","175","172","182","6:39","5:01","--","--","0.88","0.0","6,884","いいえ","00:00:03.0","7","00:39:47","00:40:48","--","--"
ラン,2025-09-02 18:40:33,false,"国分寺市 ラン","7.49","431","00:52:43","162","174","173","184","7:02","5:24","5","8","0.82","0.0","9,138","いいえ","00:03:02.2","8","00:52:40","00:55:58","75","91"
ラン,2025-09-01 18:57:26,false,"国分寺市 ラン","7.61","411","00:50:49","161","171","172","184","6:41","4:52","31","22","0.87","0.0","8,746","いいえ","00:03:55.4","8","00:50:40","00:52:06","70","92"
ラン,2025-08-28 18:07:39,false,"国分寺市 ラン","7.02","352","00:43:33","160","176","172","190","6:12","4:58","41","40","0.94","0.0","7,494","いいえ","00:00:06.2","8","00:43:21","00:51:39","70","93"
ラン,2025-08-26 18:59:57,false,"国分寺市 ラン","6.10","311","00:40:54","153","169","170","184","6:42","5:28","45","39","0.88","0.0","6,948","いいえ","00:00:43.1","7","00:40:53","00:51:22","70","92"
ラン,2025-08-23 17:25:08,false,"駒ヶ根市 ラン","6.06","316","00:39:09","162","175","171","185","6:27","5:16","33","38","0.91","0.0","6,696","いいえ","00:00:23.1","7","00:39:02","00:39:09","653","662"
ラン,2025-08-22 18:35:20,false,"駒ヶ根市 ラン","6.01","312","00:38:50","155","178","170","182","6:28","4:58","29","27","0.91","0.0","6,598","いいえ","00:00:03.4","7","00:38:46","00:38:53","652","663"
ラン,2025-08-20 19:38:44,false,"駒ヶ根市 ラン","5.01","257","00:32:13","167","179","169","180","6:26","5:07","63","64","0.92","0.0","5,464","いいえ","00:00:05.8","6","00:32:06","00:35:17","628","669"
ラン,2025-08-19 17:15:04,false,"駒ヶ根市 ラン","5.00","252","00:31:58","150","177","170","179","6:23","5:25","24","24","0.92","0.0","5,408","いいえ","00:00:03.2","6","00:31:51","00:32:05","652","662"
ラン,2025-08-18 17:09:19,false,"駒ヶ根市 ラン","5.00","271","00:33:30","166","177","168","178","6:42","5:11","28","27","0.89","0.0","5,624","いいえ","00:00:02.1","6","00:33:20","00:33:53","653","662"
ラン,2025-08-16 17:09:26,false,"駒ヶ根市 ラン","6.06","335","00:39:38","167","179","171","185","6:32","5:07","26","25","0.90","0.0","6,768","いいえ","00:00:26.4","7","00:39:29","00:39:38","653","662"
ラン,2025-08-15 16:13:08,false,"駒ヶ根市 ラン","6.09","336","00:44:08","155","168","168","179","7:15","5:49","27","27","0.82","0.0","7,394","いいえ","00:00:41.5","7","00:44:00","00:44:08","654","663"
ラン,2025-08-14 18:20:51,false,"駒ヶ根市 ラン","6.80","367","00:47:31","157","173","170","180","6:59","5:33","36","24","0.84","0.0","8,102","いいえ","00:05:21.0","7","00:47:14","00:53:22","628","668"
ラン,2025-08-11 20:31:33,false,"駒ヶ根市 ラン","5.15","300","00:35:37","168","175","169","182","6:55","5:40","19","20","0.85","0.0","6,020","いいえ","00:01:08.5","6","00:35:31","00:35:54","628","655"
ラン,2025-08-05 18:06:36,false,"ラン","1.33","68","00:09:04.1","148","166","167","178","6:49","5:47","--","--","0.88","0.0","1,526","いいえ","00:02:09.4","2","00:08:53","00:09:42.5","--","--"
ラン,2025-08-04 18:22:12,false,"国分寺市 ラン","6.60","362","00:44:18","162","175","171","181","6:43","5:22","14","2","0.87","0.0","7,582","いいえ","00:03:50.5","7","00:44:09","00:49:29","74","91"
ラン,2025-07-31 18:00:54,false,"国分寺市 ラン","6.01","324","00:39:32","163","177","168","178","6:35","5:19","36","34","0.90","0.0","6,672","いいえ","00:00:03.7","7","00:39:21","00:49:06","74","97"
ラン,2025-07-29 18:14:57,false,"国分寺市 ラン","5.24","295","00:36:47","162","175","170","180","7:01","4:59","25","29","0.84","0.0","6,212","いいえ","00:01:42.6","6","00:36:45","00:47:01","71","87"
ラン,2025-07-28 18:09:24,false,"国分寺市 ラン","5.21","333","00:40:31","161","178","169","178","7:47","5:29","8","7","0.76","0.0","6,848","いいえ","00:01:18.4","6","00:40:22","00:49:34","78","91"
ラン,2025-07-24 18:08:56,false,"国分寺市 ラン","5.72","322","00:42:51","155","172","168","180","7:29","5:08","16","11","0.79","0.0","7,222","いいえ","00:04:51.8","6","00:42:42","00:43:43","75","97"
ラン,2025-07-21 17:11:00,false,"国分寺市 ラン","6.53","356","00:44:49","160","175","169","179","6:52","5:31","43","40","0.86","0.0","7,598","いいえ","00:01:28.8","8","00:44:39","00:45:37","70","93"
ラン,2025-07-17 20:05:38,false,"国分寺市 ラン","6.14","336","00:40:45","165","176","169","188","6:38","4:35","31","27","0.89","0.0","6,914","いいえ","00:00:56.5","7","00:40:33","00:43:18","70","92"
ラン,2025-07-15 19:00:14,false,"ラン","6.18","366","00:45:00","157","173","169","182","7:17","5:40","--","--","0.81","0.0","7,612","いいえ","00:01:18.9","7","00:44:49","00:46:19","--","--"
ラン,2025-07-14 19:01:51,false,"国分寺市 ラン","6.84","416","00:50:19","166","177","168","180","7:22","5:16","21","16","0.81","0.0","8,470","いいえ","00:05:53.6","7","00:50:08","00:51:01","74","88"
ラン,2025-07-08 19:07:02,false,"国分寺市 ラン","6.73","386","00:50:24","155","172","168","178","7:29","5:50","22","11","0.79","0.0","8,484","いいえ","00:05:19.4","7","00:50:22","00:51:13","74","93"
ラン,2025-07-07 18:23:28,false,"国分寺市 ラン","6.22","355","00:46:17","155","172","168","177","7:26","6:07","10","7","0.80","0.0","7,780","いいえ","00:01:13.8","7","00:46:10","00:47:29","74","91"
ラン,2025-07-04 18:32:45,false,"国分寺市 ラン","7.01","386","00:50:14","157","174","168","243","7:10","4:08","20","17","0.83","0.0","8,414","いいえ","00:00:02.5","8","00:50:04","00:52:51","71","87"
ラン,2025-07-03 18:54:40,false,"ラン","7.02","397","00:49:18","157","174","168","176","7:01","5:41","--","--","0.85","0.0","8,282","いいえ","00:00:09.2","8","00:49:09","00:49:55","--","--"
ラン,2025-06-30 19:58:13,false,"国分寺市 ラン","6.56","393","00:48:08","163","179","168","177","7:20","5:25","21","19","0.81","0.0","8,102","いいえ","00:05:20.6","7","00:48:06","00:52:37","74","85"
ラン,2025-06-26 18:26:37,false,"国分寺市 ラン","5.22","276","00:35:00","160","175","170","179","6:42","5:29","252","249","0.88","0.0","5,922","いいえ","00:01:40.1","6","00:34:52","00:40:38","70","136"
ラン,2025-06-24 17:59:31,false,"国分寺市 ラン","8.01","427","00:53:18","161","175","172","184","6:39","5:38","57","58","0.87","0.0","9,170","いいえ","00:00:05.2","9","00:53:00","00:55:25","58","97"
ラン,2025-06-23 18:58:04,false,"国分寺市 ラン","8.01","422","00:55:22","156","173","169","181","6:55","5:44","60","62","0.86","0.0","9,344","いいえ","00:00:08.1","9","00:55:14","00:56:28","70","93"
ラン,2025-06-20 18:46:46,false,"国分寺市 ラン","9.01","469","01:01:08","156","167","170","185","6:47","4:22","66","72","0.87","0.0","10,438","いいえ","00:00:10.7","10","01:00:53","01:03:07","70","106"
ラン,2025-06-16 20:47:46,false,"国分寺市 ラン","5.83","324","00:43:03","158","170","166","176","7:23","6:11","32","35","0.82","0.0","7,140","いいえ","00:06:00.1","6","00:42:51","00:44:03","74","94"
ラン,2025-06-10 18:10:42,false,"国分寺市 ラン","7.50","402","00:52:20","156","179","171","181","6:59","5:13","42","35","0.84","0.0","8,918","いいえ","00:03:14.6","8","00:52:12","00:53:33","70","93"
ラン,2025-06-09 18:18:16,false,"国分寺市 ラン","8.00","499","00:59:02","164","178","168","182","7:22","5:35","--","--","0.81","0.0","9,962","いいえ","00:00:02.3","9","00:58:46","01:00:22","75","81"
ラン,2025-06-02 18:42:40,false,"国分寺市 ラン","7.44","354","00:51:33","118","136","169","180","6:56","5:26","55","53","0.85","0.0","8,704","いいえ","00:03:00.9","8","00:51:25","00:52:49","70","104"
ラン,2025-05-30 18:07:20,false,"駒ヶ根市 ラン","8.01","425","00:51:25","165","186","173","184","6:25","4:55","12","13","0.90","0.0","8,910","いいえ","00:00:06.3","9","00:51:14","00:51:25","654","662"
ラン,2025-05-29 18:50:44,false,"駒ヶ根市 ラン","8.01","426","00:53:18","156","173","172","231","6:39","5:35","42","45","0.87","0.0","9,186","いいえ","00:00:04.8","9","00:53:08","00:53:22","654","662"
ラン,2025-05-28 18:58:49,false,"駒ヶ根市 ラン","8.02","407","00:51:20","156","172","173","188","6:24","4:44","31","31","0.90","0.0","8,932","いいえ","00:00:04.7","9","00:51:10","00:51:23","654","662"
ラン,2025-05-26 18:31:02,false,"駒ヶ根市 ラン","8.02","406","00:51:23","161","181","175","188","6:25","4:01","26","26","0.89","0.0","8,958","いいえ","00:00:05.0","9","00:51:17","00:51:23","654","662"
ラン,2025-05-25 17:21:57,false,"駒ヶ根市 ラン","7.80","403","00:50:37","157","171","174","184","6:29","4:53","10","8","0.88","0.0","8,822","いいえ","00:05:21.8","8","00:50:29","00:50:37","654","662"
ラン,2025-05-24 17:04:42,false,"駒ヶ根市 ラン","7.01","354","00:45:55","152","174","173","187","6:33","5:05","26","22","0.88","0.0","7,958","いいえ","00:00:05.3","8","00:45:47","00:45:55","654","662"
ラン,2025-05-20 18:45:02,false,"駒ヶ根市 ラン","7.33","385","00:48:06","158","170","172","181","6:34","5:27","35","159","0.89","0.0","8,280","いいえ","00:02:15.1","8","00:47:56","00:48:06","654","784"
ラン,2025-05-19 19:09:02,false,"駒ヶ根市 ラン","7.01","345","00:42:51","152","170","174","183","6:07","4:53","68","69","0.94","0.0","7,428","いいえ","00:00:07.1","8","00:42:30","00:45:26","628","680"
ラン,2025-05-16 19:20:16,false,"駒ヶ根市 ラン","7.18","369","00:46:54","154","169","173","181","6:32","5:32","65","62","0.89","0.0","8,086","いいえ","00:01:02.0","8","00:46:43","00:49:46","628","668"
ラン,2025-05-15 19:01:46,false,"駒ヶ根市 ラン","7.00","357","00:44:57","153","169","173","182","6:25","5:29","58","64","0.90","0.0","7,782","いいえ","00:00:01.8","8","00:44:46","00:46:56","628","682"
ラン,2025-05-14 20:36:39,false,"駒ヶ根市 ラン","7.07","362","00:44:26","152","181","174","183","6:17","5:26","73","66","0.92","0.0","7,710","いいえ","00:00:25.9","8","00:44:26","00:47:07","628","669"
ラン,2025-05-13 17:54:34,false,"駒ヶ根市 ラン","7.01","363","00:46:29","160","178","170","179","6:38","5:44","35","33","0.89","0.0","7,932","いいえ","00:00:03.5","8","00:46:21","00:46:56","654","662"
ラン,2025-05-10 17:43:13,false,"駒ヶ根市 ラン","7.29","371","00:47:43","159","172","172","182","6:33","5:23","37","37","0.89","0.0","8,256","いいえ","00:02:01.2","8","00:47:32","00:48:06","654","662"
ラン,2025-05-09 17:16:17,false,"駒ヶ根市 ラン","7.32","370","00:45:39","151","166","174","186","6:14","4:21","35","39","0.92","0.0","7,960","いいえ","00:02:00.8","8","00:45:23","00:45:56","653","662"
ラン,2025-05-08 16:43:29,false,"駒ヶ根市 ラン","7.46","380","00:46:21","160","178","174","187","6:13","5:01","35","34","0.92","0.0","8,080","いいえ","00:02:52.9","8","00:46:14","00:46:52","654","662"
ラン,2025-05-07 17:23:29,false,"駒ヶ根市 ラン","7.41","365","00:45:32","157","171","175","187","6:09","4:59","42","39","0.93","0.0","7,990","いいえ","00:02:30.9","8","00:45:23","00:45:32","654","684"
ラン,2025-05-05 17:26:13,false,"駒ヶ根市 ラン","6.54","348","00:42:17","163","174","174","182","6:28","5:03","43","41","0.89","0.0","7,362","いいえ","00:03:44.2","7","00:42:15","00:42:17","651","662"
ラン,2025-05-03 18:14:21,false,"駒ヶ根市 ラン","7.02","383","00:45:51","164","176","174","182","6:32","5:10","14","14","0.88","0.0","7,974","いいえ","00:00:05.8","8","00:45:41","00:45:51","654","662"
ラン,2025-05-01 17:22:34,false,"国分寺市 ラン","8.80","429","00:57:33","150","172","171","189","6:32","4:47","27","29","0.89","0.0","9,860","いいえ","00:05:06.4","9","00:57:16","01:00:12","70","108"
ラン,2025-04-24 19:01:00,false,"国分寺市 ラン","8.28","410","00:52:29","157","170","171","185","6:20","4:06","32","40","0.92","0.0","8,990","いいえ","00:01:02.9","9","00:52:19","00:56:17","66","104"
ラン,2025-04-18 18:55:28,false,"国分寺市 ラン","7.35","374","00:48:20","154","169","173","182","6:34","5:12","33","37","0.88","0.0","8,338","いいえ","00:02:09.2","8","00:48:14","00:58:01","70","109"
ラン,2025-04-17 20:12:22,false,"国分寺市 ラン","8.26","401","00:52:54","148","159","172","182","6:24","5:00","43","47","0.91","0.0","9,110","いいえ","00:01:39.8","9","00:52:42","00:53:32","70","93"
ラン,2025-04-15 18:53:26,false,"国分寺市 ラン","7.55","369","00:49:56","147","163","173","187","6:37","4:35","21","21","0.87","0.0","8,644","いいえ","00:03:27.1","8","00:49:47","00:51:05","70","93"
ラン,2025-04-14 19:34:35,false,"国分寺市 ラン","7.79","404","00:54:06","146","160","171","183","6:57","4:54","40","41","0.84","0.0","9,232","いいえ","00:05:07.9","8","00:53:55","00:55:42","70","92"
ラン,2025-04-08 19:37:24,false,"国分寺市 ラン","7.04","339","00:47:21","143","156","172","185","6:43","5:21","21","21","0.87","0.0","8,122","いいえ","00:00:16.5","8","00:47:13","00:48:53","74","111"
ラン,2025-04-07 19:11:50,false,"国分寺市 ラン","6.58","335","00:44:29","150","163","172","181","6:46","4:58","33","29","0.86","0.0","7,654","いいえ","00:03:28.5","7","00:44:13","00:45:42","70","93"
ラン,2025-03-24 18:55:54,false,"国分寺市 ラン","7.43","384","00:52:14","148","162","171","185","7:02","5:25","45","42","0.83","0.0","8,938","いいえ","00:02:47.1","8","00:52:07","00:53:13","70","107"
ラン,2025-03-18 19:10:28,false,"国分寺市 ラン","7.29","366","00:49:19","147","162","172","183","6:46","5:26","42","48","0.86","0.0","8,492","いいえ","00:02:08.2","8","00:49:11","00:50:30","70","93"
ラン,2025-03-17 19:07:57,false,"国分寺市 ラン","7.77","382","00:50:38","148","159","172","182","6:31","5:01","80","80","0.89","0.0","8,714","いいえ","00:04:43.2","8","00:50:27","00:52:23","70","107"
ラン,2025-03-14 19:13:37,false,"国分寺市 ラン","6.28","301","00:40:34","147","163","171","181","6:27","5:17","51","55","0.90","0.0","6,964","いいえ","00:01:43.9","7","00:40:22","00:41:58","70","93"
ラン,2025-03-11 18:36:40,false,"国分寺市 ラン","7.59","375","00:52:16","147","161","172","183","6:53","5:21","34","35","0.84","0.0","8,996","いいえ","00:03:53.1","8","00:52:05","00:53:24","70","93"
ラン,2025-03-10 19:14:42,false,"国分寺市 ラン","7.53","376","00:51:06","146","160","173","180","6:47","5:25","42","34","0.85","0.0","8,832","いいえ","00:03:30.9","8","00:50:58","00:52:47","70","93"
ラン,2025-02-25 18:40:50,false,"国分寺市 ラン","7.80","396","00:53:58","150","163","174","187","6:55","5:37","37","40","0.83","0.0","9,398","いいえ","00:05:28.1","8","00:53:50","00:55:34","70","87"
ラン,2025-02-24 15:39:58,false,"国分寺市 ラン","7.86","380","00:53:29","142","161","175","184","6:48","5:31","37","33","0.84","0.0","9,354","いいえ","00:05:32.8","8","00:53:18","00:55:02","70","93"
ラン,2025-02-21 18:59:23,false,"国分寺市 ラン","7.70","385","00:52:57","147","166","173","186","6:53","5:26","57","62","0.84","0.0","9,190","いいえ","00:04:52.5","8","00:52:31","00:54:51","70","93"
ラン,2025-02-20 18:45:39,false,"国分寺市 ラン","7.64","382","00:53:24","152","162","171","180","6:59","5:35","114","116","0.83","0.0","9,148","いいえ","00:04:33.7","8","00:53:12","00:54:55","70","147"
ラン,2025-02-18 19:08:06,false,"国分寺市 ラン","7.56","383","00:50:50","150","162","173","181","6:44","5:14","924","928","0.86","0.0","8,802","いいえ","00:03:45.7","8","00:50:44","00:51:44","70","621"
ラン,2025-02-16 16:36:20,false,"国分寺市 ラン","7.68","379","00:52:14","147","162","171","186","6:48","5:22","62","63","0.86","0.0","8,966","いいえ","00:04:36.9","8","00:52:05","00:53:51","70","101"
ラン,2025-02-14 17:59:33,false,"国分寺市 ラン","7.57","379","00:51:20","150","166","173","185","6:47","5:06","79","76","0.85","0.0","8,884","いいえ","00:04:03.0","8","00:51:08","00:53:54","70","108"
ラン,2025-02-13 18:59:24,false,"国分寺市 ラン","7.64","365","00:47:33","143","159","175","185","6:13","5:12","53","53","0.92","0.0","8,296","いいえ","00:04:02.5","8","00:47:32","00:49:06","70","93"
ラン,2025-02-11 16:16:22,false,"国分寺市 ラン","7.82","389","00:51:30","151","169","173","186","6:35","5:23","52","55","0.88","0.0","8,904","いいえ","00:04:54.4","8","00:51:24","00:53:01","70","107"
ラン,2025-02-09 15:07:55,false,"国分寺市 ラン","6.45","324","00:42:46","151","165","173","186","6:38","5:49","39","34","0.87","0.0","7,388","いいえ","00:03:12.3","7","00:42:44","00:43:37","74","92"
ラン,2025-02-07 17:56:51,false,"国分寺市 ラン","7.72","378","00:49:48","151","166","174","186","6:27","5:04","65","66","0.89","0.0","8,646","いいえ","00:04:35.9","8","00:49:41","00:51:56","70","103"
ラン,2025-02-04 18:06:28,false,"国分寺市 ラン","7.42","358","00:49:27","145","163","174","190","6:40","5:17","34","29","0.86","0.0","8,590","いいえ","00:02:49.3","8","00:49:19","00:52:27","70","93"
ラン,2025-02-03 18:02:54,false,"国分寺市 ラン","7.48","351","00:50:28","141","155","173","187","6:45","5:51","21","27","0.85","0.0","8,772","いいえ","00:03:00.8","8","00:50:13","00:52:57","70","92"
ラン,2025-01-31 17:58:55,false,"国分寺市 ラン","8.65","417","00:53:55","153","167","176","188","6:14","5:03","57","60","0.91","0.0","9,506","いいえ","00:04:03.6","9","00:53:47","00:56:03","69","92"
ラン,2025-01-28 17:33:59,false,"国分寺市 ラン","8.54","416","00:56:06","152","167","175","184","6:34","4:40","41","37","0.87","0.0","9,808","いいえ","00:03:07.0","9","00:56:00","00:57:56","70","93"
ラン,2025-01-27 17:47:50,false,"国分寺市 ラン","8.89","456","00:55:53","--","--","175","185","6:17","5:08","53","60","0.91","0.0","9,786","いいえ","00:05:33.1","9","00:55:51","00:57:20","70","93"
ラン,2025-01-24 17:32:51,false,"国分寺市 ラン","8.78","435","00:56:10","151","165","175","192","6:24","5:13","81","67","0.90","0.0","9,788","いいえ","00:04:55.4","9","00:55:59","00:57:29","64","98"
ラン,2025-01-23 17:22:15,false,"国分寺市 ラン","8.79","438","00:58:03","153","171","174","184","6:36","5:28","121","121","0.87","0.0","10,088","いいえ","00:05:07.6","9","00:57:57","00:59:50","-20","93"
ラン,2025-01-21 17:30:46,false,"国分寺市 ラン","8.58","420","00:57:02","152","166","175","190","6:39","4:49","43","42","0.86","0.0","9,996","いいえ","00:03:47.6","9","00:56:54","00:58:12","70","92"
ラン,2025-01-20 17:08:06,false,"国分寺市 ラン","8.77","428","00:57:19","152","166","174","184","6:32","5:27","39","38","0.88","0.0","9,962","いいえ","00:05:18.4","9","00:57:10","00:59:42","70","96"
ラン,2025-01-14 17:40:10,false,"国分寺市 ラン","8.47","415","00:56:35","150","164","176","185","6:41","4:58","67","70","0.85","0.0","9,948","いいえ","00:02:53.7","9","00:56:21","00:57:47","70","93"
ラン,2025-01-12 17:29:19,false,"国分寺市 ラン","8.89","445","00:58:15","155","170","175","191","6:33","5:08","55","55","0.87","0.0","10,202","いいえ","00:05:52.1","9","00:58:09","00:59:41","69","92"
ラン,2025-01-10 17:06:57,true,"国分寺市 ラン","8.31","418","00:52:48","--","--","177","192","6:21","5:09","118","62","0.89","0.0","9,346","いいえ","00:01:41.7","9","00:52:40","00:53:54","22","92"
ラン,2025-01-09 17:03:45,false,"国分寺市 ラン","8.23","404","00:52:00","155","176","176","188","6:19","4:50","180","60","0.90","0.0","9,142","いいえ","00:01:26.8","9","00:51:56","00:53:36","-46","95"
ラン,2025-01-07 17:23:19,false,"国分寺市 ラン","7.28","360","00:48:30","150","164","174","184","6:40","5:47","58","53","0.86","0.0","8,444","いいえ","00:02:04.9","8","00:48:26","00:51:08","70","92"
ラン,2025-01-03 16:01:17,false,"駒ヶ根市 ラン","7.38","366","00:46:28","153","166","177","189","6:18","4:57","41","40","0.90","0.0","8,244","いいえ","00:02:27.7","8","00:46:26","00:46:28","654","662"
ラン,2025-01-02 15:32:00,false,"駒ヶ根市 ラン","7.35","377","00:47:33","155","170","175","188","6:28","4:53","40","39","0.88","0.0","8,300","いいえ","00:02:32.7","8","00:47:27","00:47:38","654","662"
ラン,2025-01-01 15:15:23,false,"駒ヶ根市 ラン","7.38","358","00:44:47","155","168","177","194","6:04","4:43","34","36","0.93","0.0","7,954","いいえ","00:02:36.7","8","00:44:41","00:44:47","654","662"
ラン,2024-12-31 16:15:06,false,"駒ヶ根市 ラン","7.06","367","00:49:07","154","170","174","184","6:57","5:05","59","55","0.82","0.0","8,552","いいえ","00:00:20.7","8","00:48:57","00:49:07","646","663"
ラン,2024-12-30 16:19:40,false,"駒ヶ根市 ラン","7.63","393","00:50:42","152","167","174","185","6:39","5:20","42","40","0.87","0.0","8,810","いいえ","00:04:07.4","8","00:50:35","00:50:42","654","663"
ラン,2024-12-29 15:34:25,false,"駒ヶ根市 ラン","7.41","377","00:47:05","157","170","175","188","6:21","4:49","38","38","0.90","0.0","8,244","いいえ","00:02:40.6","8","00:46:50","00:47:05","654","662"
ラン,2024-12-27 16:00:43,false,"駒ヶ根市 ラン","7.40","372","00:47:33","153","164","175","187","6:25","5:12","35","35","0.89","0.0","8,312","いいえ","00:02:49.8","8","00:47:30","00:47:33","650","662"
ラン,2024-12-26 16:47:11,false,"駒ヶ根市 ラン","7.01","351","00:44:23","153","167","175","187","6:20","4:50","41","42","0.90","0.0","7,784","いいえ","00:00:07.5","8","00:44:19","00:44:23","649","664"
ラン,2024-12-25 16:31:42,false,"駒ヶ根市 ラン","7.21","357","00:46:05","151","163","174","188","6:23","4:49","25","26","0.90","0.0","8,018","いいえ","00:01:22.5","8","00:46:03","00:46:05","654","662"
ラン,2024-12-24 15:59:29,false,"駒ヶ根市 ラン","8.17","409","00:52:19","148","162","175","185","6:24","4:47","27","26","0.89","0.0","9,156","いいえ","00:00:59.6","9","00:52:11","00:52:19","654","662"
ラン,2024-12-20 17:25:13,false,"国分寺市 ラン","8.49","410","00:57:34","149","161","175","195","6:47","5:35","50","45","0.84","0.0","10,062","いいえ","00:03:15.4","9","00:57:30","00:59:16","66","93"
ラン,2024-12-16 15:45:01,false,"国分寺市 ラン","8.67","426","00:59:02","151","174","175","187","6:49","5:31","38","40","0.84","0.0","10,314","いいえ","00:04:49.0","9","00:58:53","01:00:48","70","93"
ラン,2024-12-12 16:46:15,false,"国分寺市 ラン","8.47","420","00:57:52","153","169","176","201","6:50","3:52","25","24","0.83","0.0","10,176","いいえ","00:03:10.7","9","00:57:42","01:01:21","68","92"
ラン,2024-10-21 18:48:11,false,"国分寺市 - ベース","7.04","408","00:50:05","166","176","175","190","7:07","4:25","7","9","0.80","0.0","8,716","いいえ","00:00:26.8","8","00:50:04","00:51:15","75","92"
ラン,2024-10-16 14:49:36,false,"国分寺市 - ベース","7.06","362","00:46:35","163","181","176","188","6:36","4:34","268","265","0.86","0.0","8,210","いいえ","00:02:27.7","8","00:46:29","00:49:40","70","195"
ラン,2024-10-14 15:41:14,false,"国分寺市 - ベース","8.40","459","00:55:38","172","186","176","237","6:37","3:11","33","33","0.86","0.0","9,782","いいえ","00:03:07.4","9","00:55:31","00:56:41","70","91"
ラン,2024-10-13 17:01:26,false,"国分寺市 ラン","8.01","444","00:53:06","171","187","176","185","6:38","5:03","45","49","0.85","0.0","9,342","いいえ","00:00:02.7","9","00:53:04","00:53:33","71","88"
ラン,2024-10-11 17:54:09,false,"国分寺市 - ベース","8.06","442","00:54:24","168","180","175","189","6:45","4:23","35","28","0.85","0.0","9,520","いいえ","00:00:57.7","9","00:54:19","00:55:59","71","91"
ラン,2024-10-05 16:46:00,false,"駒ヶ根市 - ベース","7.72","432","00:52:09","168","185","176","184","6:45","4:34","21","20","0.84","0.0","9,130","いいえ","00:01:59.4","9","00:52:08","00:52:17","654","662"
ラン,2024-10-01 16:44:31,false,"駒ヶ根市 - ベース","7.06","394","00:47:49","170","180","172","184","6:47","4:10","25","22","0.86","0.0","8,196","いいえ","00:01:01.3","8","00:47:46","00:47:57","654","662"
ラン,2024-09-19 17:25:00,false,"駒ヶ根市 - ベース","7.02","372","00:45:46","167","177","171","183","6:31","5:00","34","34","0.90","0.0","7,856","いいえ","00:00:03.7","9","00:45:30","00:47:07","650","662"
ラン,2024-09-12 17:26:12,false,"駒ヶ根市 - ベース","7.64","418","00:51:57","164","178","170","181","6:48","5:32","57","56","0.86","0.0","8,844","いいえ","00:01:54.6","9","00:51:44","00:52:33","851","860"
ラン,2024-08-27 18:00:00,false,"国分寺市 ラン","10.26","453","00:55:44","166","182","174","190","5:26","3:23","107","111","1.06","0.0","9,714","いいえ","00:01:22.0","11","00:55:26","00:58:05","74","129"
ラン,2024-07-05 17:56:42,false,"ラン","8.03","424","00:54:51","--","--","168","185","6:50","5:04","--","--","0.87","0.0","9,220","いいえ","00:00:11.9","9","00:54:50","00:54:51","--","--"
ラン,2024-06-29 17:04:08,false,"駒ヶ根市 ラン","11.29","584","01:10:21","--","--","172","182","6:14","3:59","38","60","0.93","0.0","12,104","いいえ","00:01:55.0","12","01:10:19","01:10:29","849","875"
ラン,2024-06-27 17:31:17,false,"駒ヶ根市 ラン","11.49","591","01:12:31","--","--","173","182","6:19","4:10","84","93","0.92","0.0","12,562","いいえ","00:03:46.0","12","01:12:30","01:12:31","849","875"
ラン,2024-06-25 18:09:19,false,"駒ヶ根市 ラン","11.54","600","01:12:52","--","--","173","186","6:19","1:33","333","359","0.92","0.0","12,604","いいえ","00:03:55.1","12","01:12:47","01:12:52","555","888"
ラン,2024-06-21 19:09:37,false,"国分寺市 ラン","10.01","494","01:07:18","--","--","172","184","6:44","1:19","23","23","0.87","0.0","11,578","いいえ","00:00:04.0","11","01:06:52","01:14:32","70","91"
ラン,2024-06-17 18:21:01,false,"国分寺市 ラン","9.04","461","01:01:23","--","--","172","184","6:47","3:35","13","18","0.86","0.0","10,560","いいえ","00:00:14.7","10","01:01:05","01:03:31","74","104"
ラン,2024-06-07 17:24:37,false,"駒ヶ根市 ラン","11.01","562","01:12:31","--","--","172","186","6:35","3:51","1,086","1,064","0.88","0.0","12,510","いいえ","00:00:04.1","12","01:12:08","01:12:31","-93","890"
ラン,2024-06-05 17:31:56,false,"ラン","5.03","261","00:32:22","--","--","170","179","6:26","6:00","--","--","0.90","0.0","5,576","いいえ","00:00:13.0","6","00:32:22","00:32:44","--","--"
ラン,2024-05-30 17:23:22,false,"駒ヶ根市 ラン","12.01","625","01:14:14","--","--","176","188","6:11","1:12","85","94","0.92","0.0","13,044","いいえ","00:00:03.8","13","01:14:11","01:14:42","849","875"
ラン,2024-05-29 18:16:18,false,"駒ヶ根市 ラン","7.05","355","00:41:59","--","--","173","191","5:57","2:53","53","49","0.97","0.0","7,306","いいえ","00:00:14.5","8","00:41:55","00:47:36","628","669"
ラン,2024-05-26 17:09:06,false,"駒ヶ根市 ラン","9.72","500","00:56:12","--","--","179","192","5:47","4:17","45","43","0.96","0.0","10,086","いいえ","00:04:04.9","10","00:56:10","00:57:46","850","876"
ラン,2024-05-25 16:33:07,false,"ラン","9.01","462","00:53:51","--","--","174","192","5:59","4:57","--","--","0.96","0.0","9,398","いいえ","00:00:03.3","10","00:53:50","00:53:51","--","--"
ラン,2024-05-23 17:11:46,false,"駒ヶ根市 ラン","8.00","412","00:47:38","--","--","173","184","5:57","2:18","64","83","0.97","0.0","8,254","いいえ","00:00:02.4","9","00:47:36","00:49:19","849","872"
ラン,2024-05-22 17:18:59,false,"駒ヶ根市 ラン","7.04","357","00:42:39","--","--","173","239","6:03","2:53","58","55","0.95","0.0","7,430","いいえ","00:00:13.8","8","00:42:34","00:48:11","628","668"
ラン,2024-05-20 17:16:47,false,"駒ヶ根市 ラン","7.02","353","00:43:09","--","--","172","192","6:09","3:02","68","63","0.95","0.0","7,440","いいえ","00:00:08.5","8","00:43:06","00:46:42","628","669"
ラン,2024-05-18 16:55:41,false,"駒ヶ根市 ラン","6.01","307","00:34:30","--","--","175","188","5:45","3:36","22","44","0.99","0.0","6,046","いいえ","00:00:02.3","7","00:34:30","00:34:30","849","872"
ラン,2024-05-17 17:36:35,false,"駒ヶ根市 ラン","7.03","357","00:42:18","--","--","172","240","6:01","3:23","53","58","0.96","0.0","7,316","いいえ","00:00:10.9","8","00:42:06","00:47:44","628","668"
ラン,2024-05-16 16:31:55,false,"駒ヶ根市 ラン","7.01","356","00:44:50","--","--","171","242","6:24","3:05","55","54","0.91","0.0","7,714","いいえ","00:00:04.7","8","00:44:48","00:51:18","628","669"
ラン,2024-05-15 17:24:35,false,"駒ヶ根市 ラン","7.14","371","00:43:35","--","--","173","192","6:06","2:17","64","61","0.95","0.0","7,566","いいえ","00:00:40.9","8","00:43:32","00:48:10","628","669"
ラン,2024-05-14 16:41:32,false,"駒ヶ根市 ラン","7.11","360","00:44:00","--","--","172","183","6:11","3:53","38","28","0.94","0.0","7,632","いいえ","00:00:33.3","8","00:43:59","00:50:20","629","668"
ラン,2024-05-12 18:09:56,false,"駒ヶ根市 ラン","3.20","162","00:19:29","--","--","166","177","6:05","3:56","13","18","0.99","0.0","3,232","いいえ","00:01:56.9","4","00:19:29","00:19:41","849","860"
ラン,2024-05-11 17:45:22,false,"駒ヶ根市 ラン","7.01","363","00:43:42","--","--","175","200","6:14","3:45","65","59","0.92","0.0","7,680","いいえ","00:00:05.2","8","00:43:40","00:47:01","628","669"
ラン,2024-05-10 18:22:42,false,"駒ヶ根市 ラン","7.08","357","00:42:02","--","--","171","192","5:56","4:05","56","53","0.98","0.0","7,250","いいえ","00:00:27.5","8","00:41:59","00:47:20","628","669"
ラン,2024-05-09 16:13:00,false,"駒ヶ根市 ラン","7.01","361","00:42:46","--","--","175","194","6:06","3:35","233","51","0.94","0.0","7,504","いいえ","00:00:01.8","8","00:42:43","00:46:08","481","669"
ラン,2024-05-05 16:11:31,false,"駒ヶ根市 ラン","7.01","359","00:42:08","--","--","176","200","6:01","3:33","61","57","0.94","0.0","7,444","いいえ","00:00:03","8","00:42:06","00:44:53","628","669"
ラン,2024-05-04 16:34:01,false,"駒ヶ根市 ラン","7.24","368","00:43:38","--","--","175","196","6:02","3:18","65","62","0.95","0.0","7,668","いいえ","00:01:11.7","8","00:43:37","00:48:00","628","669"
ラン,2024-05-03 17:09:24,false,"駒ヶ根市 ラン","7.01","361","00:42:03","--","--","175","190","6:00","3:29","51","52","0.95","0.0","7,392","いいえ","00:00:04.5","8","00:42:02","00:48:18","628","669"
ラン,2024-05-01 18:18:00,false,"駒ヶ根市 ラン","7.51","389","00:43:17","--","--","179","205","5:46","3:17","52","51","0.97","0.0","7,794","いいえ","00:02:47.8","8","00:43:16","00:51:59","628","669"
ラン,2024-04-30 16:09:56,false,"駒ヶ根市 ラン","7.25","373","00:44:18","--","--","174","188","6:06","1:41","58","56","0.94","0.0","7,752","いいえ","00:01:26.5","8","00:44:17","00:47:52","628","669"
ラン,2024-04-29 16:42:55,false,"駒ヶ根市 ラン","7.54","361","00:43:58","--","--","176","194","5:50","3:36","59","29","0.97","0.0","7,766","いいえ","00:03:26.4","8","00:43:42","00:46:29","628","668"
ラン,2024-04-28 18:47:23,false,"駒ヶ根市 ラン","7.02","360","00:42:34","--","--","174","200","6:04","2:38","37","26","0.95","0.0","7,430","いいえ","00:00:03.8","8","00:42:31","00:48:47","628","668"
ラン,2024-04-26 17:08:39,false,"国分寺市 ラン","9.01","460","00:56:30","--","--","175","188","6:16","1:50","37","34","0.91","0.0","9,908","いいえ","00:00:03.3","10","00:56:13","00:57:06","70","92"
ラン,2024-04-12 16:17:37,false,"国分寺市 ラン","9.36","471","00:56:48","--","--","177","198","6:04","1:52","21","22","0.93","0.0","10,066","いいえ","00:02:07.4","10","00:56:33","00:58:52","70","92"
ラン,2024-04-04 18:10:37,false,"国分寺市 ラン","9.13","467","00:55:14","--","--","177","198","6:03","1:57","50","48","0.94","0.0","9,768","いいえ","00:01:05.1","10","00:55:12","00:56:09","70","92"
ラン,2024-04-02 17:47:20,false,"国分寺市 ラン","9.13","478","00:57:34","--","--","178","193","6:18","3:09","35","33","0.89","0.0","10,246","いいえ","00:00:42.4","10","00:57:32","00:58:35","70","92"
ラン,2024-03-31 13:07:10,false,"国分寺市 ラン","7.03","369","00:48:43","--","--","172","183","6:56","5:25","--","--","0.84","0.0","8,368","いいえ","00:00:16.7","8","00:48:30","00:49:22","78","93"
ラン,2024-03-21 17:44:49,false,"国分寺市 ラン","13.16","646","01:28:43","--","--","177","192","6:44","2:33","68","70","0.84","0.0","15,678","いいえ","00:00:56.3","14","01:28:38","01:30:41","70","93"
ラン,2024-03-21 17:44:14,false,"国分寺市 ラン","2.02","1","00:00:19.0","--","--","134","180","0:24","0:39","--","--","0.00","0.0","44","いいえ","00:00:02.3","3","00:00:18.3","00:00:19.0","74","84"
ラン,2024-03-20 17:23:21,false,"国分寺市 ラン","13.01","664","01:28:09","--","--","176","190","6:47","2:44","44","46","0.84","0.0","15,530","いいえ","00:00:03.9","14","01:27:54","01:32:02","70","92"
ラン,2024-03-19 18:42:25,false,"国分寺市 ラン","13.01","660","01:25:25","--","--","176","193","6:34","4:49","5","11","0.87","0.0","15,024","いいえ","00:00:03.5","14","01:25:22","01:26:34","74","92"
ラン,2024-03-15 18:18:00,false,"国分寺市 ラン","13.24","687","01:23:21","--","--","177","195","6:18","2:18","65","70","0.90","0.0","14,790","いいえ","00:01:18.9","14","01:23:19","01:29:09","70","92"
ラン,2024-03-10 10:00:08,false,"立川市 ラン","21.34","1,099","01:51:49","--","--","187","200","5:14","3:45","223","210","1.02","0.0","20,932","いいえ","00:01:45.2","22","01:51:45","01:51:49","68","113"
ラン,2024-03-07 17:37:13,false,"国分寺市 ラン","7.56","382","00:50:41","--","--","175","190","6:42","4:10","26","21","0.85","0.0","8,870","いいえ","00:04:04.2","8","00:50:39","00:51:53","70","93"
ラン,2024-03-06 17:18:47,false,"国分寺市 ラン","7.32","377","00:46:50","--","--","175","188","6:24","2:37","29","30","0.89","0.0","8,218","いいえ","00:02:08.9","8","00:46:36","00:47:51","70","92"
ラン,2024-03-04 17:02:49,false,"国分寺市 ラン","13.03","658","01:26:58","--","--","175","192","6:40","2:26","62","69","0.86","0.0","15,222","いいえ","00:00:14.3","14","01:26:54","01:29:30","70","92"
ラン,2024-03-02 17:13:19,false,"国分寺市 ラン","13.01","655","01:19:27","--","--","179","196","6:06","1:19","70","72","0.91","0.0","14,246","いいえ","00:00:02.7","14","01:19:03","01:20:57","70","92"
ラン,2024-03-01 17:21:54,false,"国分寺市 ラン","13.01","639","01:23:30","--","--","174","191","6:25","0:36","71","74","0.89","0.0","14,574","いいえ","00:00:02.2","14","01:23:15","01:25:55","70","93"
ラン,2024-02-27 16:54:44,false,"国分寺市 ラン","13.73","705","01:25:24","--","--","179","200","6:13","2:05","35","29","0.90","0.0","15,298","いいえ","00:05:09.3","14","01:25:21","01:27:01","70","93"
ラン,2024-02-23 18:30:22,false,"国分寺市 ラン","7.86","395","00:51:44","--","--","176","192","6:35","3:09","41","44","0.86","0.0","9,138","いいえ","00:06:10.1","8","00:51:42","00:52:23","70","92"
ラン,2024-02-22 18:12:43,false,"国分寺市 ラン","11.41","571","01:09:40","--","--","178","192","6:06","0:31","44","39","0.92","0.0","12,426","いいえ","00:03:07.2","12","01:09:38","01:13:43","69","127"
ラン,2024-02-20 16:22:07,false,"国分寺市 ラン","11.05","521","01:16:54","--","--","174","188","6:58","3:13","46","51","0.83","0.0","13,366","いいえ","00:00:19.5","12","01:16:52","01:20:12","70","92"
ラン,2024-02-19 17:21:00,false,"国分寺市 ラン","13.54","671","01:26:27","--","--","175","196","6:23","0:41","102","107","0.90","0.0","15,116","いいえ","00:03:38.3","14","01:26:17","01:29:57","24","92"
ラン,2024-02-13 18:38:00,false,"国分寺市 ラン","10.72","546","01:08:15","--","--","178","196","6:22","3:27","50","49","0.88","0.0","12,170","いいえ","00:04:43.9","11","01:08:12","01:09:35","70","93"
ラン,2024-02-12 16:34:31,false,"国分寺市 ラン","13.42","684","01:18:54","--","--","183","200","5:53","2:53","45","45","0.93","0.0","14,480","いいえ","00:02:54.4","14","01:18:31","01:21:19","71","92"
ラン,2024-02-11 15:56:46,false,"国分寺市 ラン","12.02","604","01:15:23","--","--","178","196","6:16","1:56","33","33","0.89","0.0","13,452","いいえ","00:00:05.0","13","01:14:57","01:17:11","70","93"
ラン,2024-02-06 18:06:09,false,"国分寺市 ラン","8.33","422","00:49:45","--","--","177","200","5:59","2:41","18","15","0.95","0.0","8,814","いいえ","00:01:49.2","9","00:49:44","00:55:36","71","93"
ラン,2024-02-02 16:31:34,false,"国分寺市 ラン","7.25","356","00:44:44","--","--","176","192","6:10","1:16","44","50","0.92","0.0","7,900","いいえ","00:01:43.0","8","00:44:41","00:46:49","70","93"
ラン,2024-02-01 16:36:34,false,"国分寺市 ラン","7.45","377","00:44:36","--","--","179","200","5:59","1:19","29","29","0.93","0.0","7,996","いいえ","00:03:01.4","8","00:44:20","00:45:45","70","93"
ラン,2024-01-30 20:00:27,false,"国分寺市 ラン","7.31","356","00:48:02","--","--","175","194","6:34","1:48","48","51","0.87","0.0","8,424","いいえ","00:02:36.8","8","00:47:48","00:49:12","70","92"
ラン,2024-01-29 20:12:48,false,"国分寺市 ラン","7.25","352","00:45:55","--","--","177","198","6:20","2:51","35","37","0.89","0.0","8,148","いいえ","00:01:41.8","8","00:45:39","00:51:30","70","93"
ラン,2024-01-28 17:56:10,false,"国分寺市 ラン","8.12","393","00:52:13","--","--","175","196","6:26","2:31","46","49","0.89","0.0","9,184","いいえ","00:00:39.4","9","00:52:11","00:57:54","70","92"
ラン,2024-01-25 18:08:05,false,"国分寺市 ラン","7.04","344","00:46:12","--","--","176","192","6:34","2:08","23","15","0.87","0.0","8,134","いいえ","00:00:15.8","8","00:45:31","00:47:19","74","92"
ラン,2024-01-23 17:37:12,false,"国分寺市 ラン","5.50","276","00:37:32","--","--","174","196","6:49","2:20","26","19","0.85","0.0","6,530","いいえ","00:03:24.9","6","00:37:30","00:40:21","73","93"
ラン,2024-01-22 17:55:20,false,"国分寺市 ラン","5.46","276","00:38:14","--","--","171","186","7:00","4:19","23","8","0.83","0.0","6,562","いいえ","00:03:16.4","6","00:38:13","00:38:52","74","92"
ラン,2024-01-19 18:00:03,false,"国分寺市 ラン","6.16","310","00:41:42","--","--","174","182","6:46","4:59","26","17","0.85","0.0","7,266","いいえ","00:01:13.4","7","00:41:41","00:42:08","73","92"
ラン,2024-01-18 17:50:39,false,"国分寺市 ラン","7.23","368","00:46:33","--","--","175","184","6:27","1:39","22","12","0.89","0.0","8,164","いいえ","00:01:45.5","8","00:46:06","00:47:38","73","93"
ラン,2024-01-17 20:24:58,false,"国分寺市 ラン","7.34","372","00:48:23","--","--","176","188","6:36","1:45","38","43","0.86","0.0","8,534","いいえ","00:02:22.5","8","00:48:20","00:53:34","70","92"
ラン,2024-01-15 20:42:13,false,"国分寺市 ラン","7.80","410","00:49:27","--","--","176","194","6:21","1:06","79","83","0.90","0.0","8,706","いいえ","00:04:50.0","8","00:49:08","00:51:10","74","161"
ラン,2024-01-11 17:36:38,false,"国分寺市 ラン","9.10","456","00:54:33","--","--","178","200","6:00","1:23","49","50","0.94","0.0","9,712","いいえ","00:00:34.9","10","00:54:30","00:57:41","68","91"
ラン,2024-01-08 16:54:07,false,"国分寺市 ラン","7.76","388","00:50:28","--","--","177","200","6:30","1:45","45","47","0.87","0.0","8,984","いいえ","00:05:21.2","8","00:50:12","00:52:10","70","93"
ラン,2024-01-07 17:59:04,false,"国分寺市 ラン","7.96","393","00:51:14","--","--","176","193","6:26","1:03","28","29","0.88","0.0","9,056","いいえ","00:06:01.7","8","00:50:40","00:53:05","70","92"
ラン,2024-01-05 17:15:33,false,"国分寺市 ラン","8.01","386","00:59:17","--","--","166","194","7:24","4:16","22","25","0.81","0.0","9,834","いいえ","00:00:04.8","9","00:59:16","01:02:06","70","93"
ラン,2024-01-04 16:49:10,false,"国分寺市 ラン","7.43","357","00:47:51","--","--","175","192","6:26","2:53","27","28","0.89","0.0","8,400","いいえ","00:02:54.6","8","00:47:50","00:49:03","71","93"
ラン,2024-01-03 17:31:10,false,"国分寺市 ラン","7.92","385","00:52:04","--","--","175","190","6:34","2:32","39","45","0.87","0.0","9,116","いいえ","00:05:24.5","8","00:51:57","00:54:21","70","92"
ラン,2024-01-01 16:10:45,false,"駒ヶ根市 ラン","8.01","397","00:56:20","--","--","172","194","7:02","3:57","63","57","0.82","0.0","9,740","いいえ","00:00:09.0","9","00:56:19","01:03:12","629","681"
ラン,2023-12-31 16:43:54,false,"駒ヶ根市 ラン","7.75","394","00:47:10","--","--","180","200","6:05","4:36","53","49","0.91","0.0","8,546","いいえ","00:05:17.2","8","00:47:08","00:53:40","628","681"
ラン,2023-12-30 16:06:18,false,"駒ヶ根市 ラン","7.72","395","00:50:12","--","--","178","192","6:30","4:33","63","63","0.87","0.0","8,942","いいえ","00:05:08.6","8","00:50:10","00:55:02","629","681"
ラン,2023-12-26 17:00:20,false,"国分寺市 ラン","7.41","360","00:50:05","--","--","175","192","6:46","1:02","48","49","0.85","0.0","8,768","いいえ","00:03:20.8","8","00:49:46","00:52:38","69","92"
ラン,2023-12-25 16:49:48,false,"国分寺市 ラン","7.46","379","00:50:33","--","--","173","194","6:46","2:48","36","41","0.85","0.0","8,760","いいえ","00:00:32.7","9","00:50:29","00:56:58","70","92"
ラン,2023-12-24 18:06:17,false,"国分寺市 ラン","8.09","419","00:48:05","--","--","177","194","5:57","1:31","53","56","0.95","0.0","8,502","いいえ","00:00:38.8","9","00:48:03","00:50:15","70","92"
ラン,2023-12-22 17:45:09,false,"国分寺市 ラン","7.66","381","00:52:58","--","--","172","186","6:55","3:00","25","28","0.84","0.0","9,120","いいえ","00:05:03.5","8","00:52:41","00:54:53","70","93"
ラン,2023-12-19 18:16:10,false,"国分寺市 ラン","7.47","372","00:49:08","--","--","173","185","6:34","2:59","24","23","0.88","0.0","8,536","いいえ","00:03:19.4","8","00:48:54","00:50:38","70","93"
ラン,2023-12-18 17:39:17,false,"国分寺市 ラン","7.46","380","00:47:44","--","--","176","191","6:24","5:09","--","4","0.89","0.0","8,426","いいえ","00:03:41.7","8","00:47:42","00:49:28","75","102"
ラン,2023-12-17 17:59:15,false,"国分寺市 ラン","7.27","377","00:46:16","--","--","175","194","6:22","3:51","--","--","0.90","0.0","8,118","いいえ","00:01:33.9","8","00:46:01","00:47:05","76","80"
ラン,2023-12-15 19:01:44,false,"国分寺市 ラン","7.03","356","00:46:23","--","--","174","188","6:36","3:15","9","14","0.87","0.0","8,062","いいえ","00:00:08.8","8","00:46:11","00:46:56","75","91"
ラン,2023-12-12 17:18:29,false,"国分寺市 ラン","6.20","324","00:41:25","--","--","173","188","6:41","3:22","5","--","0.87","0.0","7,172","いいえ","00:01:42.2","7","00:41:24","00:43:00","75","81"
ラン,2023-11-19 18:41:21,false,"国分寺市 ラン","8.56","438","00:49:41","--","--","178","214","5:48","2:43","49","50","0.97","0.0","8,872","いいえ","00:04:04.6","9","00:49:40","00:53:36","71","93"
ラン,2023-11-16 16:13:34,false,"国分寺市 ラン","8.13","419","00:47:09","--","--","179","194","5:48","2:41","66","69","0.96","0.0","8,452","いいえ","00:00:54.2","9","00:47:00","00:48:52","66","92"
ラン,2023-11-14 17:00:37,false,"国分寺市 ラン","8.15","412","00:51:25","--","--","176","193","6:19","2:59","48","49","0.90","0.0","9,070","いいえ","00:01:41.6","9","00:51:11","00:52:46","70","92"
ラン,2023-11-12 19:00:40,false,"国分寺市 ラン","7.83","399","00:51:25","--","--","173","188","6:34","4:42","5","7","0.88","0.0","8,910","いいえ","00:06:16.1","8","00:51:09","00:53:56","75","84"
ラン,2023-11-09 16:49:58,false,"ラン","8.24","423","00:50:32","--","--","174","200","6:08","4:45","--","--","0.94","0.0","8,798","いいえ","00:01:32.7","9","00:50:29","00:51:36","--","--"
ラン,2023-11-07 18:41:01,false,"ラン","7.22","367","00:42:49","--","--","173","198","5:56","4:33","--","--","0.97","0.0","7,434","いいえ","00:01:34.6","8","00:42:47","00:49:03","--","--"
ラン,2023-11-03 17:01:16,false,"ラン","7.47","381","00:43:24","--","--","177","242","5:49","3:58","--","--","0.97","0.0","7,732","いいえ","00:03:13.6","8","00:43:21","00:47:16","--","--"
ラン,2023-10-31 17:07:38,false,"ラン","7.42","379","00:45:37","--","--","174","191","6:09","4:35","--","--","0.93","0.0","7,958","いいえ","00:02:52.6","8","00:45:35","00:48:41","--","--"
ラン,2023-10-30 19:37:47,false,"ラン","8.19","418","00:48:52","--","--","175","194","5:58","4:44","--","--","0.96","0.0","8,554","いいえ","00:01:18.9","9","00:48:51","00:50:10","--","--"
ラン,2023-10-27 16:37:47,false,"ラン","7.70","395","00:48:05","--","--","172","191","6:15","5:22","--","--","0.93","0.0","8,298","いいえ","00:04:52.3","8","00:48:02","00:50:37","--","--"
ラン,2023-10-26 16:58:27,false,"ラン","7.40","377","00:43:39","--","--","175","194","5:54","4:47","--","--","0.97","0.0","7,652","いいえ","00:02:44.4","8","00:43:36","00:46:54","--","--"
ラン,2023-10-24 16:27:54,false,"国分寺市 ラン","6.88","351","00:44:11","--","--","174","190","6:25","1:08","27","18","0.90","0.0","7,720","いいえ","00:05:42.8","7","00:43:49","00:48:06","72","88"
ラン,2023-10-20 17:58:38,false,"ラン","7.31","373","00:44:59","--","--","172","194","6:09","4:54","--","--","0.94","0.0","7,752","いいえ","00:02:19.6","8","00:44:56","00:48:22","--","--"
ラン,2023-10-19 18:40:10,false,"ラン","7.72","398","00:49:29","--","--","172","188","6:24","5:33","--","--","0.91","0.0","8,542","いいえ","00:04:54.5","8","00:49:27","00:51:21","--","--"
ラン,2023-10-16 17:41:37,false,"国分寺市 ラン","10.01","516","01:04:19","--","--","172","240","6:26","3:18","--","--","0.90","0.0","11,080","いいえ","00:00:05.3","11","01:03:55","01:08:52","78","82"
ラン,2023-10-15 17:46:37,false,"ラン","9.87","507","01:01:43","--","--","175","194","6:15","5:20","--","--","0.92","0.0","10,798","いいえ","00:05:47.1","10","01:01:40","01:05:18","--","--"
ラン,2023-10-09 18:54:25,false,"ラン","10.22","525","01:02:38","--","--","175","197","6:08","4:45","--","--","0.93","0.0","10,984","いいえ","00:01:30.5","11","01:02:31","01:04:45","--","--"
ラン,2023-10-08 14:30:20,false,"ラン","10.31","533","01:04:37","--","--","176","192","6:16","5:19","--","--","0.91","0.0","11,376","いいえ","00:02:20.5","11","01:04:34","01:06:39","--","--"
ラン,2023-10-06 19:55:11,false,"国分寺市 ラン","10.29","503","00:53:13","--","--","183","200","5:10","0:36","739","735","1.05","0.0","9,774","いいえ","00:01:49.6","11","00:52:41","00:53:42","63","777"
ラン,2023-10-05 17:20:36,false,"国分寺市 ラン","10.53","541","01:05:48","--","--","175","195","6:15","2:30","4","10","0.91","0.0","11,558","いいえ","00:03:50.8","11","01:05:46","01:08:07","74","91"
ラン,2023-10-01 09:40:00,false,"北区 ラン","10.01","521","00:52:16","--","--","182","196","5:13","3:09","224","221","1.05","0.0","9,532","いいえ","00:00:02.0","11","00:52:13","00:52:16","-16","23"
ラン,2023-09-29 17:41:44,false,"ラン","10.36","539","01:07:01","--","--","171","194","6:28","4:29","--","--","0.90","0.0","11,522","いいえ","00:02:31.9","11","01:07:00","01:08:16","--","--"
ラン,2023-09-26 17:43:41,false,"国分寺市 ラン","10.48","537","01:08:04","--","--","173","190","6:30","2:33","9","14","0.89","0.0","11,770","いいえ","00:03:23.6","11","01:08:01","01:10:41","66","86"
ラン,2023-09-25 17:28:54,false,"国分寺市 ラン","10.64","551","01:09:36","--","--","171","192","6:33","4:50","--","--","0.89","0.0","11,952","いいえ","00:04:37.7","11","01:09:33","01:12:24","79","81"
ラン,2023-09-24 17:03:34,false,"国分寺市 ラン","11.07","558","01:12:04","--","--","173","188","6:30","4:04","19","20","0.89","0.0","12,482","いいえ","00:00:24.3","12","01:11:48","01:14:24","74","93"
ラン,2023-09-19 18:07:57,false,"国分寺市 ラン","10.15","520","01:06:13","--","--","173","192","6:31","2:01","116","109","0.89","0.0","11,448","いいえ","00:01:00.6","11","01:05:53","01:08:13","-1","92"
ラン,2023-09-18 18:17:18,false,"国分寺市 ラン","10.82","540","01:11:39","--","--","172","188","6:37","2:09","30","35","0.88","0.0","12,306","いいえ","00:05:33.7","11","01:11:15","01:13:38","74","90"
ラン,2023-09-14 18:11:49,false,"ラン","8.14","424","00:52:51","--","--","171","191","6:30","4:30","--","--","0.90","0.0","9,078","いいえ","00:00:57.4","9","00:52:50","00:54:47","--","--"
ラン,2023-09-12 17:44:20,false,"国分寺市 ラン","11.03","569","01:09:36","--","--","175","200","6:19","2:19","17","15","0.90","0.0","12,220","いいえ","00:03:02.5","12","01:08:48","01:14:01","72","92"
ラン,2023-09-11 18:47:14,false,"ラン","10.47","544","01:08:31","--","--","172","200","6:33","4:56","--","--","0.89","0.0","11,850","いいえ","00:03:30.8","11","01:08:29","01:10:43","--","--"
ラン,2023-09-07 18:44:36,false,"国分寺市 ラン","10.67","549","01:07:05","--","--","174","200","6:17","4:23","--","--","0.91","0.0","11,706","いいえ","00:04:26.1","11","01:07:03","01:09:44","77","81"
ラン,2023-09-05 17:45:06,false,"ラン","10.80","558","01:07:13","--","--","176","191","6:13","4:48","--","--","0.91","0.0","11,840","いいえ","00:05:19.1","11","01:07:11","01:09:26","--","--"
ラン,2023-09-04 16:05:06,false,"ラン","10.56","549","01:07:59","--","--","174","190","6:26","4:59","--","--","0.89","0.0","11,834","いいえ","00:03:39.7","11","01:07:55","01:09:59","--","--"
ラン,2023-08-28 18:45:31,false,"国分寺市 ラン","8.24","418","00:52:44","--","--","172","186","6:24","2:22","49","52","0.91","0.0","9,060","いいえ","00:01:36.6","9","00:52:29","00:54:13","71","91"
ラン,2023-08-25 18:32:37,false,"ラン","6.86","358","00:45:29","--","--","172","192","6:38","5:20","--","--","0.88","0.0","7,836","いいえ","00:05:52.2","7","00:45:27","00:52:20","--","--"
ラン,2023-08-24 18:08:21,false,"ラン","7.71","402","00:50:47","--","--","173","186","6:35","5:46","--","--","0.88","0.0","8,794","いいえ","00:04:52.3","8","00:50:46","00:52:56","--","--"
ラン,2023-08-22 17:46:01,false,"ラン","7.85","408","00:52:08","--","--","175","192","6:38","6:03","--","--","0.86","0.0","9,122","いいえ","00:06:04.3","8","00:52:06","00:52:23","--","--"
ラン,2023-08-18 18:05:11,false,"国分寺市 ラン","7.12","359","00:49:12","--","--","171","190","6:55","4:06","35","29","0.85","0.0","8,422","いいえ","00:01:09.7","8","00:49:10","00:54:33","72","92"
ラン,2023-08-17 17:51:27,false,"国分寺市 ラン","7.85","404","00:54:08","--","--","171","186","6:54","3:04","10","8","0.85","0.0","9,290","いいえ","00:06:18.8","8","00:53:47","00:56:28","73","88"
ラン,2023-08-15 17:48:38,false,"国分寺市 ラン","7.48","377","00:48:34","--","--","172","197","6:29","3:10","44","41","0.89","0.0","8,390","いいえ","00:03:33.5","8","00:48:15","00:53:05","68","91"
ラン,2023-08-14 19:15:50,false,"国分寺市 ラン","7.42","371","00:50:00","--","--","171","191","6:44","4:25","10","8","0.87","0.0","8,566","いいえ","00:03:02.6","8","00:49:43","00:54:23","74","92"
ラン,2023-08-11 23:12:41,false,"ラン","6.66","349","00:44:12","--","--","170","186","6:38","4:56","--","--","0.89","0.0","7,528","いいえ","00:04:34.4","7","00:44:11","00:45:50","--","--"
ラン,2023-08-07 19:15:57,false,"ラン","8.03","418","00:54:05","--","--","169","184","6:44","5:06","--","--","0.88","0.0","9,162","いいえ","00:00:12.9","9","00:54:03","00:56:02","--","--"
ラン,2023-08-03 17:32:59,false,"国分寺市 ラン","8.65","451","00:58:34","--","--","170","181","6:46","4:41","--","--","0.87","0.0","9,948","いいえ","00:04:46.4","9","00:58:32","01:01:09","78","81"
ラン,2023-08-01 17:03:56,false,"国分寺市 ラン","7.74","397","00:50:49","--","--","171","179","6:34","1:08","11","9","0.89","0.0","8,708","いいえ","00:05:04.1","8","00:50:37","00:52:43","74","92"
ラン,2023-07-31 18:44:40,false,"ラン","7.97","415","00:52:57","--","--","169","186","6:39","4:54","--","--","0.89","0.0","8,976","いいえ","00:06:09.6","8","00:52:55","00:55:56","--","--"
ラン,2023-07-25 19:56:35,false,"ラン","4.55","236","00:29:10","--","--","173","181","6:25","6:01","--","--","0.90","0.0","5,034","いいえ","00:03:33.7","5","00:29:09","00:29:10","--","--"
ラン,2023-07-24 18:58:35,false,"ラン","8.23","424","00:56:40","--","--","168","178","6:53","5:39","--","--","0.87","0.0","9,510","いいえ","00:01:48.0","9","00:56:38","00:57:01","--","--"
ラン,2023-07-20 18:36:32,false,"国分寺市 ラン","7.49","390","00:50:13","--","--","170","205","6:42","4:33","--","--","0.88","0.0","8,548","いいえ","00:03:23.8","8","00:50:12","00:53:33","76","81"
ラン,2023-07-18 18:58:39,false,"国分寺市 ラン","8.38","433","00:57:56","--","--","168","177","6:55","1:17","100","100","0.86","0.0","9,738","いいえ","00:03:12.6","9","00:57:04","00:58:19","71","163"
ラン,2023-07-13 16:44:07,false,"国分寺市 ラン","8.40","420","00:58:24","--","--","166","186","6:57","2:10","10","13","0.87","0.0","9,722","いいえ","00:03:05.8","9","00:55:43","01:01:42","75","93"
ラン,2023-07-11 17:45:26,false,"国分寺市 ラン","8.23","406","00:56:52","--","--","168","179","6:55","3:48","29","20","0.86","0.0","9,568","いいえ","00:01:51.6","9","00:56:51","00:59:11","70","92"
ラン,2023-07-10 18:51:19,false,"国分寺市 ラン","8.67","429","00:57:50","--","--","168","176","6:40","4:41","4","8","0.89","0.0","9,710","いいえ","00:05:14.6","9","00:57:48","01:02:36","74","85"
ラン,2023-06-30 18:21:47,false,"国分寺市 ラン","8.36","422","00:51:11","--","--","171","181","6:07","0:41","28","26","0.96","0.0","8,760","いいえ","00:02:29.3","9","00:50:49","00:51:16","74","89"
ラン,2023-06-29 16:42:11,false,"国分寺市 ラン","8.16","414","00:53:54","--","--","170","179","6:37","4:27","23","15","0.89","0.0","9,178","いいえ","00:01:07.6","9","00:53:53","00:55:38","71","92"
ラン,2023-06-27 18:04:51,false,"ラン","9.80","507","01:01:37","--","--","172","184","6:17","5:47","--","--","0.92","0.0","10,598","いいえ","00:05:33.8","10","01:01:36","01:01:47","--","--"
ラン,2023-06-24 09:40:06,false,"北区 ラン","10.05","523","00:51:25","--","--","178","196","5:07","3:20","280","278","1.10","0.0","9,168","いいえ","00:00:14.4","11","00:51:23","00:51:25","-15","24"
ラン,2023-06-22 18:09:41,false,"ラン","9.46","490","01:00:02","--","--","175","188","6:21","5:11","--","--","0.90","0.0","10,546","いいえ","00:03:08.6","10","01:00:00","01:01:07","--","--"
ラン,2023-06-20 18:10:25,false,"国分寺市 ラン","8.71","437","00:56:09","--","--","172","188","6:27","2:10","26","27","0.90","0.0","9,702","いいえ","00:04:40.6","9","00:55:35","00:57:44","74","93"
ラン,2023-06-16 18:19:45,false,"ラン","8.34","433","00:55:34","--","--","171","244","6:40","4:58","--","--","0.88","0.0","9,536","いいえ","00:02:45.2","9","00:55:32","00:57:51","--","--"
ラン,2023-06-15 17:08:31,false,"国分寺市 ラン","7.69","394","00:51:04","--","--","169","179","6:39","2:20","35","34","0.89","0.0","8,638","いいえ","00:04:56.4","8","00:51:01","00:52:35","70","93"
ラン,2023-06-13 18:23:03,false,"国分寺市 ラン","10.40","523","01:08:01","--","--","170","186","6:32","3:13","39","44","0.90","0.0","11,580","いいえ","00:02:23.7","11","01:07:30","01:16:13","70","93"
ラン,2023-06-11 13:23:01,false,"国分寺市 ラン","7.78","393","00:49:24","--","--","171","180","6:21","2:01","37","39","0.92","0.0","8,470","いいえ","00:05:34.3","8","00:49:23","00:50:49","74","92"
ラン,2023-06-08 16:56:47,false,"ラン","8.58","450","00:59:13","--","--","170","178","6:54","5:42","--","--","0.85","0.0","10,068","いいえ","00:04:22.1","9","00:59:12","01:00:56","--","--"
ラン,2023-06-06 19:09:53,false,"国分寺市 ラン","9.06","474","01:03:41","--","--","170","178","7:02","3:08","74","76","0.84","0.0","10,870","いいえ","00:00:25.3","10","01:03:39","01:05:29","74","150"
ラン,2023-06-01 20:07:43,false,"国分寺市 ラン","13.32","685","01:32:30","--","--","170","183","6:57","4:25","4","--","0.85","0.0","15,750","いいえ","00:02:19.2","14","01:32:15","01:35:03","75","81"
ラン,2023-05-30 19:45:26,false,"国分寺市 ラン","13.52","665","01:34:32","--","--","168","190","7:00","3:52","50","54","0.85","0.0","15,904","いいえ","00:03:45.5","14","01:34:30","01:35:29","70","93"
ラン,2023-05-26 18:43:21,false,"国分寺市 ラン","13.28","655","01:29:27","--","--","170","183","6:44","2:14","113","116","0.87","0.0","15,198","いいえ","00:02:09.0","14","01:27:49","01:31:34","18","92"
ラン,2023-05-23 17:15:21,false,"国分寺市 ラン","13.10","628","01:29:18","--","--","170","184","6:49","0:31","68","69","0.86","0.0","15,206","いいえ","00:00:47.0","14","01:29:06","01:31:26","67","92"
ラン,2023-05-21 11:06:20,false,"江東区 ラン","4.92","258","00:24:05","--","--","183","200","4:54","1:56","40","46","1.12","0.0","4,402","いいえ","00:04:32.3","5","00:24:03","00:24:05","-5","21"
ラン,2023-05-18 18:49:01,false,"国分寺市 ラン","11.68","585","01:16:48","--","--","169","244","6:34","3:21","44","35","0.90","0.0","12,980","いいえ","00:05:02.3","12","01:16:45","01:18:31","70","93"
ラン,2023-05-15 19:55:04,false,"国分寺市 ラン","14.34","686","01:30:18","--","--","175","214","6:18","1:01","20","20","0.91","0.0","15,828","いいえ","00:02:50.7","15","01:24:15","01:31:21","74","92"
ラン,2023-05-12 17:51:46,false,"国分寺市 ラン","5.68","293","00:36:52","--","--","172","188","6:30","1:20","--","3","0.90","0.0","6,334","いいえ","00:03:13.4","6","00:36:49","00:37:06","75","81"
ラン,2023-05-08 18:45:14,false,"国分寺市 ラン","7.68","373","00:49:40","--","--","172","210","6:28","2:43","332","332","0.90","0.0","8,552","いいえ","00:04:27.1","8","00:49:25","00:50:00","61","374"
ラン,2023-05-07 09:10:02,false,"調布市 ラン","9.96","522","00:46:51","--","--","189","200","4:42","2:44","55","62","1.13","0.0","8,842","いいえ","00:04:21.7","10","00:46:50","00:46:51","27","54"
ラン,2023-05-04 17:21:26,false,"国分寺市 ラン","5.64","273","00:40:56","--","--","168","178","7:15","3:51","31","33","0.82","0.0","6,902","いいえ","00:05:07.7","6","00:40:55","00:41:32","74","92"
ラン,2023-05-03 17:05:22,false,"ラン","10.13","527","01:05:29","--","--","173","190","6:28","5:54","--","--","0.89","0.0","11,346","いいえ","00:00:54.6","11","01:05:27","01:05:33","--","--"
ラン,2023-05-01 17:51:58,false,"国分寺市 ラン","9.79","492","00:58:54","--","--","174","190","6:01","0:57","4,860","3,163","0.95","0.0","10,266","いいえ","00:03:32.8","10","00:58:15","00:59:26","70","1,776"
ラン,2023-04-29 16:53:52,false,"国分寺市 ラン","5.78","300","00:39:36","--","--","172","188","6:51","2:16","78","77","0.85","0.0","6,806","いいえ","00:05:25.7","6","00:39:35","00:40:28","76","154"
ラン,2023-04-28 19:11:08,false,"国分寺市 ラン","10.14","505","01:06:47","--","--","172","180","6:35","2:21","42","44","0.88","0.0","11,500","いいえ","00:00:57.6","11","01:06:33","01:07:12","74","93"
ラン,2023-04-27 17:18:19,false,"国分寺市 ラン","11.01","563","01:07:11","--","--","174","186","6:06","3:56","29","26","0.94","0.0","11,712","いいえ","00:00:04.4","12","01:07:09","01:08:14","74","92"
ラン,2023-04-25 18:20:41,false,"国分寺市 ラン","10.01","503","01:00:39","--","--","175","192","6:03","2:04","27","40","0.94","0.0","10,652","いいえ","00:00:02.6","11","00:59:28","01:01:24","74","92"
ラン,2023-04-24 19:00:37,false,"国分寺市 ラン","10.20","516","00:57:27","--","--","178","194","5:38","2:33","38","40","1.00","0.0","10,210","いいえ","00:01:10.5","11","00:57:24","00:58:51","74","93"
ラン,2023-04-21 18:20:47,false,"国分寺市 ラン","10.10","515","01:00:51","--","--","174","186","6:01","2:55","19","20","0.95","0.0","10,588","いいえ","00:00:39.9","11","01:00:48","01:02:15","74","92"
ラン,2023-04-20 16:17:32,false,"国分寺市 ラン","10.49","521","01:03:52","--","--","174","182","6:05","0:59","639","634","0.95","0.0","11,104","いいえ","00:01:01.9","12","01:03:18","01:04:55","67","676"
ラン,2023-04-18 16:38:04,false,"国分寺市 ラン","9.01","467","00:55:26","--","--","174","188","6:09","1:53","20","21","0.93","0.0","9,678","いいえ","00:00:07.4","10","00:55:07","00:57:15","74","93"
ラン,2023-04-16 17:32:43,false,"国分寺市 ラン","9.37","463","00:58:17","--","--","172","182","6:13","0:43","284","294","0.94","0.0","10,018","いいえ","00:02:56.3","10","00:57:55","00:59:51","62","322"
ラン,2023-04-14 16:55:51,false,"国分寺市 ラン","10.13","522","01:05:51","--","--","173","196","6:30","3:19","31","35","0.89","0.0","11,390","いいえ","00:01:00.1","11","01:05:47","01:07:01","74","93"
ラン,2023-04-13 17:48:49,false,"国分寺市 ラン","11.95","603","01:05:42","--","--","179","200","5:30","3:48","17","20","1.01","0.0","11,772","いいえ","00:05:01.7","12","01:05:39","01:06:32","74","93"
ラン,2023-04-11 18:41:34,false,"国分寺市 ラン","8.71","443","00:57:55","--","--","172","181","6:39","1:20","37","38","0.88","0.0","9,954","いいえ","00:04:47.0","9","00:57:54","00:58:24","74","92"
ラン,2023-04-09 09:40:04,false,"北区 ラン","10.02","521","00:46:20","--","--","190","214","4:37","2:46","234","231","1.14","0.0","8,812","いいえ","00:00:03.4","11","00:46:18","00:46:20","-16","23"
ラン,2023-04-07 18:43:04,false,"国分寺市 ラン","9.15","467","00:59:15","--","--","174","190","6:29","3:51","36","37","0.89","0.0","10,340","いいえ","00:01:03.7","10","00:59:02","01:02:07","70","92"
ラン,2023-04-06 18:40:56,false,"国分寺市 ラン","8.72","457","00:54:15","--","--","173","181","6:13","2:55","76","80","0.93","0.0","9,422","いいえ","00:04:38.9","9","00:54:00","00:55:00","25","92"
ラン,2023-04-05 20:03:27,false,"国分寺市 ラン","8.47","435","00:54:30","--","--","173","186","6:26","5:05","5","17","0.90","0.0","9,448","いいえ","00:03:05.3","9","00:54:29","00:55:14","74","93"
ラン,2023-04-04 19:16:16,false,"国分寺市 ラン","8.14","423","00:52:35","--","--","173","186","6:27","3:59","17","30","0.90","0.0","9,130","いいえ","00:00:54.0","9","00:52:34","00:53:45","74","93"
ラン,2023-04-03 19:32:29,false,"国分寺市 ラン","8.18","424","00:50:09","--","--","175","190","6:08","2:05","32","35","0.93","0.0","8,778","いいえ","00:01:05.9","9","00:50:07","00:50:43","68","91"
ラン,2023-03-31 18:34:56,false,"国分寺市 ラン","7.75","390","00:51:25","--","--","173","180","6:38","1:52","36","36","0.87","0.0","8,880","いいえ","00:05:05.7","8","00:51:16","00:51:25","73","92"
ラン,2023-03-30 18:45:17,false,"国分寺市 ラン","14.43","733","01:30:29","--","--","175","194","6:16","3:04","46","45","0.91","0.0","15,824","いいえ","00:02:45.9","15","01:30:26","01:30:37","70","93"
ラン,2023-03-28 19:02:32,false,"国分寺市 ラン","14.34","732","01:26:22","--","--","176","192","6:01","1:56","47","49","0.94","0.0","15,236","いいえ","00:02:06.4","15","01:26:16","01:27:42","68","92"
ラン,2023-03-27 18:45:22,false,"国分寺市 ラン","13.53","699","01:23:20","--","--","174","190","6:09","1:19","49","50","0.93","0.0","14,494","いいえ","00:03:29.9","14","01:23:14","01:23:45","69","93"
ラン,2023-03-24 18:29:12,false,"国分寺市 ラン","10.87","559","01:16:34","--","--","172","184","7:02","2:48","141","140","0.83","0.0","13,152","いいえ","00:06:07.9","11","01:15:02","01:17:30","70","207"
ラン,2023-03-23 18:09:17,false,"国分寺市 ラン","13.19","666","01:23:24","--","--","174","195","6:20","2:40","633","637","0.91","0.0","14,564","いいえ","00:01:18.6","14","01:22:08","01:24:22","70","375"
ラン,2023-03-21 17:55:25,false,"国分寺市 ラン","12.35","641","01:18:44","--","--","176","192","6:23","2:36","64","64","0.89","0.0","13,860","いいえ","00:02:07.1","13","01:18:40","01:20:22","70","92"
ラン,2023-03-20 17:26:50,false,"国分寺市 ラン","12.24","635","01:18:16","--","--","176","192","6:24","2:11","55","58","0.89","0.0","13,760","いいえ","00:01:35.8","13","01:18:03","01:19:50","69","93"
ラン,2023-03-19 11:00:01,false,"府中市 ラン","10.01","523","00:48:00","--","--","187","200","4:48","2:30","92","94","1.11","0.0","8,996","いいえ","00:00:01.8","11","00:47:59","00:48:00","30","59"
ラン,2023-03-16 17:34:54,false,"国分寺市 ラン","7.06","356","00:52:14","--","--","169","176","7:24","4:38","21","21","0.80","0.0","8,842","いいえ","00:00:22.8","8","00:52:13","00:52:42","74","92"
ラン,2023-03-14 18:35:54,false,"国分寺市 ラン","11.29","584","01:11:40","--","--","173","192","6:21","2:49","59","60","0.91","0.0","12,424","いいえ","00:02:24.0","12","01:11:23","01:12:55","70","92"
ラン,2023-03-13 18:35:55,false,"国分寺市 ラン","11.32","592","01:00:44","--","--","179","200","5:22","1:47","53","52","1.04","0.0","10,912","いいえ","00:02:03.9","12","01:00:42","01:08:47","69","93"
ラン,2023-03-10 17:38:57,false,"国分寺市 ラン","11.28","578","01:01:44","--","--","180","195","5:28","2:41","54","54","1.01","0.0","11,150","いいえ","00:01:37.7","12","01:01:41","01:02:40","70","93"
ラン,2023-03-09 18:41:12,false,"国分寺市 ラン","11.24","580","01:07:06","--","--","175","196","5:58","1:45","45","45","0.95","0.0","11,772","いいえ","00:01:13.9","12","01:06:51","01:07:06","71","93"
ラン,2023-03-07 19:02:49,false,"国分寺市 ラン","11.18","580","01:14:48","--","--","172","180","6:41","1:59","65","67","0.87","0.0","12,886","いいえ","00:01:19.5","12","01:14:40","01:17:45","70","93"
ラン,2023-03-06 18:41:00,false,"ラン","11.19","574","00:58:18","--","--","180","194","5:13","4:17","--","--","1.06","0.0","10,530","いいえ","00:01:03.4","12","00:58:16","00:58:58","--","--"
ラン,2023-02-28 19:38:40,false,"国分寺市 ラン","11.10","565","01:13:55","--","--","173","184","6:40","5:22","40","37","0.87","0.0","12,816","いいえ","00:00:32.3","12","01:13:54","01:15:07","70","93"
ラン,2023-02-27 18:30:58,false,"国分寺市 ラン","11.25","570","01:16:39","--","--","171","182","6:49","1:40","46","39","0.86","0.0","13,094","いいえ","00:02:04.0","12","01:16:37","01:17:32","70","93"
ラン,2023-02-25 09:40:04,false,"北区 ラン","10.04","523","00:47:52","--","--","189","200","4:46","3:15","153","149","1.11","0.0","9,076","いいえ","00:00:14.2","11","00:47:48","00:48:00","-14","23"
ラン,2023-02-23 09:15:19,false,"国分寺市 ラン","6.61","333","00:44:20","--","--","171","180","6:42","1:49","35","41","0.87","0.0","7,566","いいえ","00:05:07.1","7","00:44:20","00:44:38","74","93"
ラン,2023-02-21 18:43:06,false,"国分寺市 ラン","11.24","579","01:09:56","--","--","180","192","6:13","4:08","38","37","0.89","0.0","12,596","いいえ","00:01:39.5","12","01:09:53","01:11:11","70","93"
ラン,2023-02-20 18:21:05,false,"国分寺市 ラン","11.42","591","01:14:13","--","--","174","186","6:30","2:12","41","42","0.88","0.0","12,950","いいえ","00:03:04.9","12","01:14:07","01:15:33","70","92"
ラン,2023-02-19 18:10:57,false,"国分寺市 ラン","11.54","609","01:13:52","--","--","176","188","6:24","2:11","602","601","0.89","0.0","13,006","いいえ","00:03:55.5","12","01:12:19","01:15:48","-190","93"
ラン,2023-02-16 18:34:04,false,"国分寺市 ラン","11.43","586","01:11:15","--","--","175","190","6:14","1:21","56","59","0.92","0.0","12,454","いいえ","00:03:08.1","12","01:11:06","01:12:17","70","93"
ラン,2023-02-14 18:23:00,false,"国分寺市 ラン","11.30","584","00:59:59","--","--","182","194","5:18","1:58","56","55","1.04","0.0","10,908","いいえ","00:01:49.1","12","00:59:42","01:00:30","70","92"
ラン,2023-02-09 18:17:25,false,"国分寺市 ラン","11.43","595","01:10:53","--","--","174","194","6:12","1:24","61","61","0.93","0.0","12,336","いいえ","00:03:20.4","12","01:10:40","01:11:40","70","93"
ラン,2023-02-06 17:48:25,false,"国分寺市 ラン","7.17","362","00:49:27","--","--","170","184","6:54","2:26","24","27","0.86","0.0","8,394","いいえ","00:01:08.2","8","00:49:19","00:50:23","75","90"
ラン,2023-02-05 09:10:03,false,"調布市 ラン","10.01","522","00:46:48","--","--","184","200","4:41","3:21","30","31","1.16","0.0","8,632","いいえ","00:00:01.9","11","00:46:45","00:46:48","29","49"
ラン,2023-02-02 18:24:03,false,"国分寺市 ラン","11.35","583","01:07:48","--","--","178","190","5:58","4:39","37","39","0.94","0.0","12,064","いいえ","00:02:15.2","12","01:07:45","01:09:33","71","90"
ラン,2023-01-31 18:45:01,false,"国分寺市 ラン","11.20","583","01:11:32","--","--","174","182","6:23","3:45","29","33","0.90","0.0","12,464","いいえ","00:01:43.2","12","01:11:30","01:15:07","70","92"
ラン,2023-01-30 18:17:40,false,"国分寺市 ラン","11.14","577","01:14:16","--","--","170","182","6:40","1:19","50","49","0.88","0.0","12,646","いいえ","00:01:01.4","12","01:13:43","01:16:15","70","93"
ラン,2023-01-29 09:40:08,false,"北区 ラン","10.01","520","00:46:12","--","--","192","200","4:37","3:26","234","232","1.13","0.0","8,852","いいえ","00:00:00.7","11","00:46:10","00:46:12","-14","23"
ラン,2023-01-24 18:22:34,false,"国分寺市 ラン","11.23","571","01:04:53","--","--","181","192","5:47","3:56","56","52","0.95","0.0","11,792","いいえ","00:01:33.6","12","01:04:51","01:06:15","70","92"
ラン,2023-01-23 19:11:26,false,"国分寺市 ラン","11.32","584","01:04:58","--","--","177","192","5:44","3:07","39","38","0.98","0.0","11,514","いいえ","00:02:05.5","12","01:04:43","01:05:37","71","90"
ラン,2023-01-19 19:28:03,false,"国分寺市 ラン","7.20","371","00:42:17","--","--","177","192","5:53","3:10","21","22","0.96","0.0","7,500","いいえ","00:01:01.8","8","00:42:16","00:42:54","75","93"
ラン,2023-01-17 18:32:35,false,"国分寺市 ラン","10.26","510","01:05:15","--","--","173","200","6:22","1:33","44","46","0.90","0.0","11,286","いいえ","00:02:27.7","11","01:05:12","01:06:05","70","92"
ラン,2023-01-16 18:18:42,false,"国分寺市 ラン","11.23","567","01:13:27","--","--","171","196","6:33","3:40","39","40","0.89","0.0","12,562","いいえ","00:01:31.4","12","01:13:26","01:14:55","70","93"
ラン,2023-01-12 17:29:59,false,"国分寺市 ラン","11.45","582","01:14:09","--","--","172","192","6:29","4:15","23","23","0.90","0.0","12,750","いいえ","00:03:17.8","12","01:14:06","01:15:02","70","88"
ラン,2023-01-10 19:24:10,false,"国分寺市 ラン","11.07","572","01:13:42","--","--","171","188","6:40","3:20","41","42","0.88","0.0","12,640","いいえ","00:00:29.4","12","01:13:24","01:14:16","70","91"
ラン,2023-01-06 19:07:10,false,"国分寺市 ラン","7.31","372","00:50:46","--","--","171","184","6:57","4:02","36","37","0.84","0.0","8,700","いいえ","00:02:32.1","8","00:50:44","00:52:36","71","88"
ラン,2023-01-03 17:44:16,false,"国分寺市 ラン","7.28","378","00:50:18","--","--","170","180","6:54","4:56","24","27","0.85","0.0","8,580","いいえ","00:02:15.7","8","00:50:03","00:51:43","70","87"
ラン,2023-01-01 16:16:48,false,"駒ヶ根市 ラン","7.93","409","00:49:30","--","--","175","184","6:15","4:10","64","66","0.91","0.0","8,706","いいえ","00:05:42.3","8","00:49:28","00:55:29","628","684"
ラン,2022-12-31 16:34:24,false,"駒ヶ根市 ラン","7.68","394","00:44:38","--","--","179","194","5:49","4:04","66","63","0.96","0.0","8,000","いいえ","00:03:53.0","8","00:44:36","00:48:57","629","684"
ラン,2022-12-30 17:19:19,false,"駒ヶ根市 ラン","7.94","404","00:43:58","--","--","176","196","5:32","3:42","60","64","1.03","0.0","7,780","いいえ","00:04:42.6","8","00:43:55","00:50:54","629","684"
ラン,2022-12-27 18:23:55,false,"国分寺市 ラン","7.06","359","00:47:42","--","--","166","179","6:46","3:49","20","23","0.89","0.0","7,944","いいえ","00:00:19.4","8","00:47:36","00:48:50","71","90"
ラン,2022-12-19 18:51:05,false,"国分寺市 ラン","7.06","361","00:46:41","--","--","168","184","6:37","2:51","19","24","0.90","0.0","7,868","いいえ","00:00:06.5","10","00:46:17","00:48:54","74","92"
ラン,2022-12-16 17:50:47,false,"国分寺市 ラン","6.67","340","00:42:10","--","--","170","180","6:19","1:51","23","21","0.93","0.0","7,190","いいえ","00:04:14.0","7","00:42:08","00:42:14","70","93"
ラン,2022-12-13 19:29:32,false,"国分寺市 ラン","7.11","369","00:46:26","--","--","170","179","6:32","4:58","--","--","0.90","0.0","7,902","いいえ","00:00:46.0","8","00:46:19","00:48:09","76","81"
ラン,2022-12-09 18:51:37,false,"国分寺市 ラン","7.03","359","00:45:42","--","--","168","177","6:30","1:51","32","25","0.91","0.0","7,704","いいえ","00:00:11.3","8","00:45:27","00:46:49","70","92"
ラン,2022-12-08 20:34:35,false,"ラン","6.84","355","00:44:12","--","--","171","184","6:28","5:35","--","--","0.91","0.0","7,558","いいえ","00:05:38.9","7","00:44:09","00:44:38","--","--"
ラン,2022-12-06 19:22:57,false,"国分寺市 ラン","7.27","366","00:46:34","--","--","169","181","6:24","2:59","28","24","0.92","0.0","7,890","いいえ","00:01:57.0","8","00:46:16","00:47:12","70","88"
ラン,2022-12-02 19:17:54,false,"国分寺市 ラン","7.19","366","00:47:40","--","--","168","178","6:38","2:47","48","47","0.90","0.0","8,026","いいえ","00:01:14.1","8","00:47:09","00:49:50","70","93"
ラン,2022-12-01 18:21:38,false,"国分寺市 ラン","6.96","355","00:46:36","--","--","169","180","6:42","4:59","25","19","0.88","0.0","7,900","いいえ","00:06:24.2","7","00:46:34","00:46:41","70","92"
ラン,2022-11-28 18:38:19,false,"国分寺市 ラン","6.96","347","00:49:47","--","--","154","179","7:09","5:03","40","23","0.91","0.0","7,676","いいえ","00:00:16.3","8","00:49:17","00:50:35","70","96"
ラン,2022-11-25 19:39:16,false,"国分寺市 ラン","6.85","349","00:43:40","--","--","171","188","6:22","2:10","35","27","0.92","0.0","7,470","いいえ","00:05:02.9","7","00:43:11","00:44:25","73","92"
